Invoice ID,Unit price,Quantity,Total Sales,Date,Time,Payment,Customer type,Gender,City,Art Key
750-67-8428,74.69,7,548.9715,1/5/2019,13:08,Ewallet,Member,Female,Yangon,1
226-31-3081,15.28,5,80.22,3/8/2019,10:29,Cash,Normal,Female,Naypyitaw,5
631-41-3108,46.33,7,340.5255,3/3/2019,13:23,Credit card,Normal,Male,Yangon,10
123-19-1176,58.22,8,489.048,1/27/2019,20:33,Ewallet,Member,Male,Yangon,3
373-73-7910,86.31,7,634.3785,2/8/2019,10:37,Ewallet,Normal,Male,Yangon,19
699-14-3026,85.39,7,627.6165,3/25/2019,18:30,Ewallet,Normal,Male,Naypyitaw,7
355-53-5943,68.84,6,433.692,2/25/2019,14:36,Ewallet,Member,Female,Yangon,8
315-22-5665,73.56,10,772.38,2/24/2019,11:38,Ewallet,Normal,Female,Naypyitaw,10
665-32-9167,36.26,2,76.146,1/10/2019,17:15,Credit card,Member,Female,Yangon,4
692-92-5582,54.84,3,172.746,2/20/2019,13:27,Credit card,Member,Female,Mandalay,23
351-62-0822,14.48,4,60.816,2/6/2019,18:07,Ewallet,Member,Female,Mandalay,32
529-56-3974,25.51,4,107.142,3/9/2019,17:03,Cash,Member,Male,Mandalay,7
365-64-0515,46.95,5,246.4875,2/12/2019,10:25,Ewallet,Normal,Female,Yangon,5
252-56-2699,43.19,10,453.495,2/7/2019,16:48,Ewallet,Normal,Male,Yangon,23
829-34-3910,71.38,10,749.49,3/29/2019,19:21,Cash,Normal,Female,Yangon,2
299-46-1805,93.72,6,590.436,1/15/2019,16:19,Cash,Member,Female,Mandalay,19
656-95-9349,68.93,7,506.6355,3/11/2019,11:03,Credit card,Member,Female,Yangon,1
765-26-6951,72.61,6,457.443,1/1/2019,10:39,Credit card,Normal,Male,Yangon,20
329-62-1586,54.67,3,172.2105,1/21/2019,18:00,Credit card,Normal,Male,Yangon,27
319-50-3348,40.3,2,84.63,3/11/2019,15:30,Ewallet,Normal,Female,Mandalay,11
300-71-4605,86.04,5,451.71,2/25/2019,11:24,Ewallet,Member,Male,Naypyitaw,8
371-85-5789,87.98,3,277.137,3/5/2019,10:40,Ewallet,Normal,Male,Mandalay,2
273-16-6619,33.2,2,69.72,3/15/2019,12:20,Credit card,Normal,Male,Mandalay,14
636-48-8204,34.56,5,181.44,2/17/2019,11:15,Ewallet,Normal,Male,Yangon,8
549-59-1358,88.63,3,279.1845,3/2/2019,17:36,Ewallet,Member,Male,Yangon,20
227-03-5010,52.59,8,441.756,3/22/2019,19:20,Credit card,Member,Female,Yangon,11
649-29-6775,33.52,1,35.196,2/8/2019,15:31,Cash,Normal,Male,Mandalay,30
189-17-4241,87.67,2,184.107,3/10/2019,12:17,Credit card,Normal,Female,Yangon,29
145-94-9061,88.36,5,463.89,1/25/2019,19:48,Cash,Normal,Female,Mandalay,25
848-62-7243,24.89,9,235.2105,3/15/2019,15:36,Cash,Normal,Male,Yangon,2
871-79-8483,94.13,5,494.1825,2/25/2019,19:39,Credit card,Normal,Male,Mandalay,31
149-71-6266,78.07,9,737.7615,1/28/2019,12:43,Cash,Member,Male,Mandalay,22
640-49-2076,83.78,8,703.752,1/10/2019,14:49,Cash,Normal,Male,Mandalay,19
595-11-5460,96.58,2,202.818,3/15/2019,10:12,Credit card,Normal,Male,Yangon,2
183-56-6882,99.42,4,417.564,2/6/2019,10:42,Ewallet,Member,Female,Naypyitaw,24
232-16-2483,68.12,1,71.526,1/7/2019,12:28,Ewallet,Member,Female,Naypyitaw,17
129-29-8530,62.62,5,328.755,3/10/2019,19:15,Ewallet,Member,Male,Yangon,20
272-65-1806,60.88,9,575.316,1/15/2019,17:17,Ewallet,Normal,Female,Yangon,5
333-73-7901,54.92,8,461.328,3/23/2019,13:24,Ewallet,Normal,Female,Naypyitaw,4
777-82-7220,30.12,8,253.008,3/3/2019,13:01,Cash,Member,Male,Mandalay,9
280-35-5823,86.72,1,91.056,1/17/2019,18:45,Ewallet,Member,Female,Mandalay,15
554-53-8700,56.11,2,117.831,2/2/2019,10:11,Cash,Member,Male,Naypyitaw,13
354-25-5821,69.12,6,435.456,2/8/2019,13:03,Cash,Member,Female,Mandalay,19
228-96-1411,98.7,8,829.08,3/4/2019,20:39,Cash,Member,Female,Naypyitaw,27
617-15-4209,15.37,2,32.277,3/16/2019,19:47,Cash,Member,Male,Naypyitaw,2
132-32-9879,93.96,4,394.632,3/9/2019,18:00,Cash,Member,Female,Mandalay,5
370-41-7321,56.69,9,535.7205,2/27/2019,17:24,Credit card,Member,Male,Mandalay,1
727-46-3608,20.01,9,189.0945,2/6/2019,15:47,Ewallet,Member,Female,Mandalay,27
669-54-1719,18.93,6,119.259,2/10/2019,12:45,Credit card,Member,Male,Mandalay,6
574-22-5561,82.63,10,867.615,3/19/2019,17:08,Ewallet,Member,Female,Naypyitaw,30
326-78-5178,91.4,7,671.79,2/3/2019,10:19,Cash,Member,Male,Naypyitaw,23
162-48-8011,44.59,5,234.0975,2/10/2019,15:10,Cash,Member,Female,Yangon,28
616-24-2851,17.87,4,75.054,3/22/2019,14:42,Ewallet,Member,Female,Mandalay,30
778-71-5554,15.43,1,16.2015,1/25/2019,15:46,Credit card,Member,Male,Naypyitaw,30
242-55-6721,16.16,2,33.936,3/7/2019,11:49,Ewallet,Normal,Male,Mandalay,11
399-46-5918,85.98,8,722.232,2/28/2019,19:01,Cash,Normal,Female,Naypyitaw,5
106-35-6779,44.34,2,93.114,3/27/2019,11:26,Cash,Member,Male,Yangon,14
635-40-6220,89.6,8,752.64,2/7/2019,11:28,Ewallet,Normal,Male,Yangon,1
817-48-8732,72.35,10,759.675,1/20/2019,15:55,Cash,Member,Female,Yangon,9
120-06-4233,30.61,6,192.843,3/12/2019,20:36,Cash,Normal,Male,Naypyitaw,7
285-68-5083,24.74,3,77.931,2/15/2019,17:47,Credit card,Member,Female,Naypyitaw,21
803-83-5989,55.73,6,351.099,2/24/2019,10:55,Ewallet,Normal,Male,Naypyitaw,11
347-34-2234,55.07,9,520.4115,2/3/2019,13:40,Ewallet,Member,Female,Mandalay,20
199-75-8169,15.81,10,166.005,3/6/2019,12:27,Credit card,Member,Male,Yangon,16
853-23-2453,75.74,4,318.108,2/14/2019,14:35,Cash,Member,Male,Mandalay,4
877-22-3308,15.87,10,166.635,3/13/2019,16:40,Cash,Member,Male,Yangon,4
838-78-4295,33.47,2,70.287,2/10/2019,15:43,Ewallet,Normal,Female,Naypyitaw,4
109-28-2512,97.61,6,614.943,1/7/2019,15:01,Ewallet,Member,Female,Mandalay,31
232-11-3025,78.77,10,827.085,1/24/2019,10:04,Cash,Normal,Male,Yangon,17
382-03-4532,18.33,1,19.2465,2/2/2019,18:50,Cash,Member,Female,Yangon,2
393-65-2792,89.48,10,939.54,1/6/2019,12:46,Credit card,Normal,Male,Naypyitaw,27
796-12-2025,62.12,10,652.26,2/11/2019,16:19,Cash,Normal,Male,Naypyitaw,32
510-95-6347,48.52,3,152.838,3/5/2019,18:17,Ewallet,Member,Female,Mandalay,28
841-35-6630,75.91,6,478.233,3/9/2019,18:21,Cash,Normal,Female,Naypyitaw,5
287-21-9091,74.67,9,705.6315,1/22/2019,10:55,Ewallet,Normal,Male,Yangon,9
732-94-0499,41.65,10,437.325,1/13/2019,17:04,Credit card,Normal,Female,Naypyitaw,6
263-10-3913,49.04,9,463.428,1/9/2019,14:20,Credit card,Member,Male,Naypyitaw,29
381-20-0914,20.01,9,189.0945,1/12/2019,15:48,Credit card,Member,Female,Yangon,31
829-49-1914,78.31,10,822.255,3/5/2019,16:24,Ewallet,Member,Female,Naypyitaw,28
756-01-7507,20.38,5,106.995,1/22/2019,18:56,Cash,Normal,Female,Naypyitaw,4
870-72-4431,99.19,6,624.897,1/21/2019,14:42,Credit card,Normal,Female,Naypyitaw,4
847-38-7188,96.68,3,304.542,1/26/2019,19:56,Ewallet,Normal,Female,Mandalay,25
480-63-2856,19.25,8,161.7,1/23/2019,18:37,Ewallet,Normal,Male,Naypyitaw,25
787-56-0757,80.36,4,337.512,2/23/2019,18:45,Credit card,Member,Female,Naypyitaw,27
360-39-5055,48.91,5,256.7775,3/9/2019,10:17,Cash,Member,Male,Naypyitaw,16
730-50-9884,83.06,7,610.491,3/5/2019,14:31,Ewallet,Normal,Female,Naypyitaw,17
362-58-8315,76.52,5,401.73,3/25/2019,10:23,Cash,Normal,Male,Naypyitaw,31
633-44-8566,49.38,7,362.943,3/27/2019,20:35,Credit card,Member,Male,Yangon,27
504-35-8843,42.47,1,44.5935,1/2/2019,16:57,Cash,Normal,Male,Yangon,22
318-68-5053,76.99,6,485.037,2/27/2019,17:55,Cash,Normal,Female,Mandalay,1
565-80-5980,47.38,4,198.996,1/23/2019,10:25,Cash,Member,Female,Naypyitaw,11
225-32-0908,44.86,10,471.03,1/26/2019,19:54,Ewallet,Normal,Female,Naypyitaw,19
873-51-0671,21.98,7,161.553,1/10/2019,16:42,Ewallet,Member,Female,Yangon,22
152-08-9985,64.36,9,608.202,3/12/2019,12:09,Credit card,Member,Male,Mandalay,2
512-91-0811,89.75,1,94.2375,2/6/2019,20:05,Credit card,Normal,Male,Naypyitaw,2
594-34-4444,97.16,1,102.018,3/8/2019,20:38,Ewallet,Normal,Male,Yangon,7
766-85-7061,87.87,10,922.635,3/29/2019,10:25,Ewallet,Normal,Male,Mandalay,2
871-39-9221,12.45,6,78.435,2/9/2019,13:11,Cash,Normal,Female,Naypyitaw,5
865-92-6136,52.75,3,166.1625,3/23/2019,10:16,Ewallet,Normal,Male,Yangon,27
733-01-9107,82.7,6,521.01,3/5/2019,18:14,Cash,Normal,Male,Mandalay,12
163-56-7055,48.71,1,51.1455,3/26/2019,19:20,Cash,Member,Male,Naypyitaw,34
189-98-2939,78.55,9,742.2975,3/1/2019,13:22,Cash,Normal,Male,Naypyitaw,33
551-21-3069,23.07,9,218.0115,2/1/2019,11:27,Cash,Normal,Female,Naypyitaw,5
212-62-1842,58.26,6,367.038,3/28/2019,16:44,Cash,Normal,Male,Yangon,24
716-39-1409,30.35,7,223.0725,3/19/2019,18:19,Cash,Normal,Male,Mandalay,4
704-48-3927,88.67,10,931.035,1/12/2019,14:50,Ewallet,Member,Male,Yangon,6
628-34-3388,27.38,6,172.494,1/5/2019,20:54,Credit card,Normal,Male,Naypyitaw,29
630-74-5166,62.13,6,391.419,3/22/2019,20:19,Cash,Normal,Male,Yangon,17
588-01-7461,33.98,9,321.111,3/24/2019,10:43,Cash,Normal,Female,Naypyitaw,27
861-77-0145,81.97,10,860.685,3/3/2019,14:30,Cash,Member,Male,Naypyitaw,8
479-26-8945,16.49,2,34.629,2/5/2019,11:32,Ewallet,Member,Female,Mandalay,19
210-67-5886,98.21,3,309.3615,2/5/2019,10:41,Credit card,Member,Female,Naypyitaw,4
227-78-1148,72.84,7,535.374,2/15/2019,12:44,Cash,Normal,Female,Mandalay,34
645-44-1170,58.07,9,548.7615,1/19/2019,20:07,Ewallet,Member,Male,Yangon,13
237-01-6122,80.79,9,763.4655,2/1/2019,20:31,Credit card,Member,Female,Naypyitaw,10
225-98-1496,27.02,3,85.113,3/2/2019,13:01,Credit card,Normal,Female,Naypyitaw,34
291-32-1427,21.94,5,115.185,3/5/2019,12:29,Ewallet,Member,Male,Mandalay,33
659-65-8956,51.36,1,53.928,1/16/2019,15:26,Ewallet,Member,Male,Mandalay,33
642-32-2990,10.96,10,115.08,2/2/2019,20:48,Ewallet,Normal,Female,Yangon,24
378-24-2715,53.44,2,112.224,1/20/2019,20:38,Ewallet,Normal,Male,Mandalay,10
638-60-7125,99.56,8,836.304,2/14/2019,17:03,Credit card,Normal,Female,Yangon,6
659-36-1684,57.12,7,419.832,1/12/2019,12:02,Credit card,Member,Male,Naypyitaw,20
219-22-9386,99.96,9,944.622,3/9/2019,17:26,Credit card,Member,Male,Mandalay,21
336-78-2147,63.91,8,536.844,3/13/2019,19:52,Credit card,Member,Male,Naypyitaw,14
268-27-6179,56.47,8,474.348,3/9/2019,14:57,Ewallet,Member,Female,Mandalay,31
668-90-8900,93.69,7,688.6215,3/10/2019,18:44,Credit card,Normal,Female,Yangon,10
870-54-3162,32.25,5,169.3125,1/27/2019,13:26,Cash,Normal,Female,Yangon,17
189-08-9157,31.73,9,299.8485,1/8/2019,16:17,Credit card,Normal,Female,Naypyitaw,34
663-86-9076,68.54,8,575.736,1/8/2019,15:57,Ewallet,Member,Female,Naypyitaw,28
549-84-7482,90.28,9,853.146,2/8/2019,11:15,Ewallet,Normal,Female,Mandalay,22
191-10-6171,39.62,7,291.207,1/25/2019,13:18,Cash,Normal,Female,Mandalay,31
802-70-5316,92.13,6,580.419,3/6/2019,20:34,Cash,Member,Female,Yangon,16
695-51-0018,34.84,4,146.328,2/10/2019,18:36,Cash,Normal,Female,Mandalay,20
590-83-4591,87.45,6,550.935,2/17/2019,14:40,Credit card,Member,Male,Mandalay,7
483-71-1164,81.3,6,512.19,3/8/2019,16:43,Ewallet,Normal,Female,Naypyitaw,1
597-78-7908,90.22,3,284.193,2/18/2019,19:39,Cash,Normal,Male,Naypyitaw,33
700-81-1757,26.31,5,138.1275,1/18/2019,20:59,Credit card,Normal,Female,Yangon,5
354-39-5160,34.42,6,216.846,2/18/2019,15:39,Cash,Member,Female,Yangon,10
241-72-9525,51.91,10,545.055,2/16/2019,12:21,Cash,Normal,Male,Mandalay,18
575-30-8091,72.5,8,609.0,3/16/2019,19:25,Ewallet,Normal,Male,Yangon,16
731-81-9469,89.8,10,942.9,1/23/2019,13:00,Credit card,Member,Female,Naypyitaw,17
280-17-4359,90.5,10,950.25,1/25/2019,13:48,Cash,Member,Male,Naypyitaw,1
338-65-2210,68.6,10,720.3,2/5/2019,19:57,Cash,Member,Female,Naypyitaw,2
488-25-4221,30.41,1,31.9305,2/22/2019,10:36,Credit card,Member,Female,Naypyitaw,26
239-10-7476,77.95,6,491.085,1/21/2019,16:37,Ewallet,Normal,Female,Yangon,13
458-41-1477,46.26,6,291.438,3/8/2019,17:11,Credit card,Normal,Female,Naypyitaw,3
685-64-1609,30.14,10,316.47,2/10/2019,12:28,Ewallet,Member,Female,Yangon,34
568-90-5112,66.14,4,277.788,3/19/2019,12:46,Credit card,Normal,Male,Naypyitaw,4
262-47-2794,71.86,8,603.624,3/6/2019,15:07,Credit card,Member,Male,Mandalay,14
238-49-0436,32.46,8,272.664,3/27/2019,13:48,Credit card,Normal,Male,Yangon,1
608-96-3517,91.54,4,384.468,3/23/2019,19:20,Credit card,Member,Female,Mandalay,33
584-86-7256,34.56,7,254.016,3/11/2019,16:07,Credit card,Member,Male,Naypyitaw,19
746-94-0204,83.24,9,786.618,1/29/2019,11:56,Credit card,Normal,Male,Yangon,33
214-17-6927,16.48,6,103.824,2/7/2019,18:23,Ewallet,Normal,Female,Naypyitaw,23
400-89-4171,80.97,8,680.148,1/28/2019,13:05,Cash,Normal,Female,Naypyitaw,22
782-95-9291,92.29,5,484.5225,2/20/2019,15:55,Credit card,Member,Male,Yangon,23
279-74-2924,72.17,1,75.7785,1/4/2019,19:40,Cash,Member,Male,Mandalay,8
307-85-2293,50.28,5,263.97,3/7/2019,13:58,Ewallet,Normal,Male,Mandalay,13
743-04-1105,97.22,9,918.729,3/30/2019,14:43,Ewallet,Member,Male,Mandalay,3
423-57-2993,93.39,6,588.357,3/27/2019,19:18,Ewallet,Normal,Male,Mandalay,21
894-41-5205,43.18,8,362.712,1/19/2019,19:39,Credit card,Normal,Female,Naypyitaw,26
275-28-0149,63.69,1,66.8745,2/25/2019,16:21,Cash,Normal,Male,Yangon,17
101-17-6199,45.79,7,336.5565,3/13/2019,19:44,Credit card,Normal,Male,Yangon,27
423-80-0988,76.4,2,160.44,1/30/2019,19:42,Ewallet,Normal,Male,Naypyitaw,22
548-46-9322,39.9,10,418.95,2/20/2019,15:24,Credit card,Normal,Male,Mandalay,26
505-02-0892,42.57,8,357.588,2/25/2019,14:12,Ewallet,Member,Male,Mandalay,1
234-65-2137,95.58,10,1003.59,1/16/2019,13:32,Cash,Normal,Male,Naypyitaw,15
687-47-8271,98.98,10,1039.29,2/8/2019,16:20,Credit card,Normal,Male,Yangon,33
796-32-9050,51.28,6,323.064,1/19/2019,16:31,Cash,Normal,Male,Yangon,23
105-31-1824,69.52,7,510.972,2/1/2019,15:10,Credit card,Member,Male,Yangon,22
249-42-3782,70.01,5,367.5525,1/3/2019,11:36,Ewallet,Normal,Male,Yangon,2
316-55-4634,80.05,5,420.2625,1/26/2019,12:45,Credit card,Member,Male,Mandalay,24
733-33-4967,20.85,8,175.14,3/3/2019,19:17,Cash,Normal,Male,Naypyitaw,5
608-27-6295,52.89,6,333.207,1/19/2019,17:34,Credit card,Member,Male,Mandalay,7
414-12-7047,19.79,8,166.236,1/18/2019,12:04,Ewallet,Normal,Male,Mandalay,23
827-26-2100,33.84,9,319.788,3/21/2019,16:21,Ewallet,Member,Male,Yangon,14
175-54-2529,22.17,8,186.228,3/3/2019,17:01,Credit card,Member,Male,Yangon,28
139-52-2867,22.51,7,165.4485,2/13/2019,10:50,Credit card,Normal,Female,Naypyitaw,29
407-63-8975,73.88,6,465.444,3/23/2019,19:16,Ewallet,Normal,Male,Yangon,23
342-65-4817,86.8,3,273.42,1/28/2019,16:47,Ewallet,Member,Male,Naypyitaw,2
130-98-8941,64.26,7,472.311,2/9/2019,10:00,Cash,Normal,Male,Naypyitaw,34
434-83-9547,38.47,8,323.148,1/23/2019,11:51,Cash,Member,Male,Naypyitaw,23
851-28-6367,15.5,10,162.75,3/23/2019,10:55,Ewallet,Member,Male,Yangon,16
824-88-3614,34.31,8,288.204,1/25/2019,15:00,Ewallet,Normal,Male,Naypyitaw,2
586-25-0848,12.34,7,90.699,3/4/2019,11:19,Credit card,Normal,Female,Yangon,20
895-66-0685,18.08,3,56.952,3/5/2019,19:46,Ewallet,Member,Male,Mandalay,28
305-14-0245,94.49,8,793.716,3/3/2019,19:00,Ewallet,Member,Female,Mandalay,13
732-04-5373,46.47,4,195.174,2/8/2019,10:53,Cash,Member,Male,Mandalay,13
400-60-7251,74.07,1,77.7735,2/10/2019,12:50,Ewallet,Normal,Male,Yangon,13
593-65-1552,69.81,4,293.202,1/28/2019,20:50,Credit card,Normal,Female,Naypyitaw,10
284-34-9626,77.04,3,242.676,2/11/2019,10:39,Credit card,Normal,Female,Mandalay,14
437-58-8131,73.52,2,154.392,1/15/2019,13:41,Ewallet,Normal,Female,Mandalay,32
286-43-6208,87.8,9,829.71,3/16/2019,19:08,Cash,Normal,Female,Naypyitaw,28
641-43-2399,25.55,4,107.31,1/26/2019,20:23,Ewallet,Normal,Male,Mandalay,15
831-07-6050,32.71,5,171.7275,3/19/2019,11:30,Credit card,Normal,Male,Yangon,8
556-86-3144,74.29,1,78.0045,1/13/2019,19:30,Cash,Member,Female,Naypyitaw,33
848-24-9445,43.7,2,91.77,3/26/2019,18:03,Cash,Member,Male,Naypyitaw,1
856-22-8149,25.29,1,26.5545,3/23/2019,10:13,Ewallet,Normal,Female,Yangon,15
699-01-4164,41.5,4,174.3,3/12/2019,19:58,Credit card,Normal,Male,Naypyitaw,4
420-11-4919,71.39,5,374.7975,2/17/2019,19:57,Credit card,Member,Female,Naypyitaw,24
606-80-4905,19.15,6,120.645,1/29/2019,10:01,Credit card,Member,Female,Naypyitaw,19
542-41-0513,57.49,4,241.458,3/15/2019,11:57,Cash,Member,Female,Mandalay,7
426-39-2418,61.41,7,451.3635,1/14/2019,10:02,Cash,Normal,Male,Naypyitaw,5
875-46-5808,25.9,10,271.95,2/6/2019,14:51,Ewallet,Member,Male,Mandalay,4
394-43-4238,17.77,5,93.2925,2/15/2019,12:42,Credit card,Member,Male,Mandalay,10
749-24-1565,23.03,9,35691.0,1/3/2019,12:02,Ewallet,Normal,Female,Yangon,1
672-51-8681,66.65,9,629.8425,1/4/2019,18:19,Credit card,Member,Female,Naypyitaw,5
263-87-5680,28.53,10,299.565,3/18/2019,17:38,Ewallet,Member,Female,Naypyitaw,9
573-58-9734,30.37,3,95.6655,3/28/2019,13:41,Ewallet,Normal,Female,Mandalay,31
817-69-8206,99.73,9,942.4485,3/2/2019,19:42,Credit card,Normal,Female,Mandalay,7
888-02-0338,26.23,9,247.8735,1/25/2019,20:24,Ewallet,Normal,Male,Yangon,8
677-11-0152,93.26,9,881.307,1/16/2019,18:08,Cash,Normal,Female,Naypyitaw,26
142-63-6033,92.36,5,484.89,3/20/2019,19:17,Ewallet,Normal,Male,Mandalay,11
656-16-1063,46.42,3,146.223,1/4/2019,13:24,Credit card,Normal,Male,Mandalay,19
891-58-8335,29.61,7,217.6335,3/11/2019,15:53,Cash,Member,Female,Mandalay,21
802-43-8934,18.28,1,19.194,3/22/2019,15:05,Credit card,Normal,Male,Yangon,14
560-30-5617,24.77,5,130.0425,3/24/2019,18:27,Cash,Normal,Female,Mandalay,22
319-74-2561,94.64,3,298.116,2/21/2019,16:55,Cash,Member,Female,Yangon,8
549-03-9315,94.87,8,796.908,2/12/2019,12:58,Ewallet,Normal,Male,Mandalay,34
790-29-1172,57.34,3,180.621,3/10/2019,18:59,Credit card,Normal,Female,Mandalay,25
239-36-3640,45.35,6,285.705,1/31/2019,13:44,Ewallet,Normal,Male,Mandalay,5
468-01-2051,62.08,7,456.288,3/6/2019,13:46,Ewallet,Normal,Male,Mandalay,23
389-25-3394,11.81,5,62.0025,2/17/2019,18:06,Cash,Normal,Male,Naypyitaw,7
279-62-1445,12.54,1,13.167,2/21/2019,12:38,Cash,Member,Female,Naypyitaw,31
213-72-6612,43.25,2,90.825,3/20/2019,15:56,Cash,Normal,Male,Yangon,26
746-68-6593,87.16,2,183.036,1/11/2019,14:29,Credit card,Member,Female,Naypyitaw,18
836-82-5858,69.37,9,655.5465,1/26/2019,19:14,Ewallet,Member,Male,Mandalay,4
583-72-1480,37.06,4,155.652,1/31/2019,16:24,Ewallet,Member,Male,Naypyitaw,7
466-61-5506,90.7,6,571.41,2/26/2019,10:52,Cash,Member,Female,Mandalay,6
721-86-6247,63.42,8,532.728,3/11/2019,12:55,Ewallet,Normal,Female,Yangon,12
289-65-5721,81.37,2,170.877,1/26/2019,19:28,Cash,Normal,Female,Mandalay,30
545-46-3100,10.59,3,33.3585,3/12/2019,13:52,Credit card,Member,Female,Mandalay,6
418-02-5978,84.09,9,794.6505,2/11/2019,10:54,Cash,Normal,Female,Mandalay,3
269-04-5750,73.82,4,310.044,2/21/2019,18:31,Cash,Member,Male,Mandalay,32
157-13-5295,51.94,10,545.37,3/9/2019,18:24,Ewallet,Member,Male,Yangon,4
645-78-8093,93.14,2,195.594,1/20/2019,18:09,Ewallet,Normal,Female,Yangon,17
211-30-9270,17.41,5,91.4025,1/28/2019,15:16,Credit card,Normal,Male,Naypyitaw,2
755-12-3214,44.22,5,232.155,3/5/2019,17:07,Credit card,Member,Female,Naypyitaw,31
346-84-3103,13.22,5,69.405,3/2/2019,19:26,Cash,Member,Female,Mandalay,7
478-06-7835,89.69,1,94.1745,1/11/2019,11:20,Ewallet,Normal,Male,Yangon,32
540-11-4336,24.94,9,235.683,1/11/2019,16:49,Credit card,Normal,Male,Yangon,27
448-81-5016,59.77,2,125.517,3/11/2019,12:01,Credit card,Normal,Male,Yangon,4
142-72-4741,93.2,2,195.72,2/28/2019,18:37,Credit card,Member,Male,Naypyitaw,31
217-58-1179,62.65,4,263.13,1/5/2019,11:25,Cash,Member,Male,Yangon,14
376-02-8238,93.87,8,788.508,2/2/2019,18:42,Credit card,Normal,Male,Mandalay,11
530-90-9855,47.59,8,399.756,1/1/2019,14:47,Cash,Member,Male,Yangon,10
866-05-7563,81.4,3,256.41,2/9/2019,19:43,Cash,Member,Female,Mandalay,7
604-70-6476,17.94,5,94.185,1/23/2019,14:04,Ewallet,Member,Male,Yangon,33
799-71-1548,77.72,4,326.424,1/7/2019,16:11,Credit card,Member,Male,Yangon,7
785-13-7708,73.06,7,536.991,1/14/2019,19:06,Credit card,Normal,Male,Mandalay,24
845-51-0542,46.55,9,439.8975,2/2/2019,15:34,Ewallet,Member,Male,Mandalay,27
662-47-5456,35.19,10,369.495,3/17/2019,19:06,Credit card,Member,Male,Naypyitaw,32
883-17-4236,14.39,2,30.219,3/2/2019,19:44,Credit card,Normal,Female,Naypyitaw,20
290-68-2984,23.75,4,99.75,3/16/2019,11:22,Cash,Normal,Male,Yangon,14
704-11-6354,58.9,8,494.76,1/6/2019,11:23,Cash,Member,Male,Yangon,15
110-48-7033,32.62,4,137.004,1/29/2019,14:12,Cash,Member,Male,Mandalay,34
366-93-0948,66.35,1,69.6675,1/31/2019,10:46,Credit card,Member,Male,Yangon,7
729-09-9681,25.91,6,163.233,2/5/2019,10:16,Ewallet,Member,Male,Yangon,10
151-16-1484,32.25,4,135.45,2/13/2019,12:38,Ewallet,Member,Male,Yangon,5
380-94-4661,65.94,4,276.948,2/7/2019,13:05,Credit card,Member,Male,Naypyitaw,7
850-41-9669,75.06,9,709.317,3/19/2019,13:25,Ewallet,Normal,Female,Yangon,8
821-07-3596,16.45,4,69.09,3/7/2019,14:53,Ewallet,Normal,Female,Naypyitaw,29
655-85-5130,38.3,4,160.86,3/13/2019,19:22,Cash,Member,Female,Mandalay,31
447-15-7839,22.24,10,233.52,2/9/2019,11:00,Cash,Member,Female,Yangon,19
154-74-7179,54.45,1,57.1725,2/26/2019,19:24,Ewallet,Normal,Male,Mandalay,22
253-12-6086,98.4,7,723.24,3/12/2019,12:43,Credit card,Member,Female,Yangon,19
808-65-0703,35.47,4,148.974,3/14/2019,17:22,Credit card,Normal,Male,Naypyitaw,14
571-94-0759,74.6,10,783.3,1/8/2019,20:55,Cash,Member,Female,Mandalay,27
144-51-6085,70.74,4,297.108,1/5/2019,16:05,Credit card,Member,Male,Yangon,15
731-14-2199,35.54,10,373.17,1/4/2019,13:34,Ewallet,Member,Female,Yangon,12
783-09-1637,67.43,5,354.0075,3/6/2019,18:13,Ewallet,Normal,Female,Mandalay,22
687-15-1097,21.12,2,44.352,1/3/2019,19:17,Cash,Member,Female,Naypyitaw,2
126-54-1082,21.54,9,203.553,1/7/2019,11:44,Credit card,Member,Female,Yangon,12
633-91-1052,12.03,2,25.263,1/27/2019,15:51,Cash,Normal,Female,Yangon,11
477-24-6490,99.71,6,628.173,2/26/2019,16:52,Ewallet,Normal,Female,Mandalay,2
566-19-5475,47.97,7,352.5795,1/7/2019,20:52,Cash,Normal,Male,Mandalay,31
526-86-8552,21.82,10,229.11,1/7/2019,17:36,Cash,Member,Female,Naypyitaw,15
376-56-3573,95.42,4,400.764,2/2/2019,13:23,Ewallet,Normal,Female,Naypyitaw,34
537-72-0426,70.99,10,745.395,3/20/2019,16:28,Cash,Member,Male,Naypyitaw,32
828-61-5674,44.02,10,462.21,3/20/2019,19:57,Credit card,Member,Male,Yangon,19
136-08-6195,69.96,8,587.664,2/15/2019,17:01,Credit card,Normal,Female,Yangon,12
523-38-0215,37.0,1,38.85,3/6/2019,13:29,Credit card,Normal,Male,Naypyitaw,11
490-29-1201,15.34,1,16.107,1/6/2019,11:09,Cash,Normal,Female,Yangon,20
667-92-0055,99.83,6,628.929,3/4/2019,15:02,Ewallet,Member,Male,Yangon,4
565-17-3836,47.67,4,200.214,3/12/2019,14:21,Cash,Member,Female,Yangon,4
498-41-1961,66.68,5,350.07,2/20/2019,18:01,Cash,Normal,Male,Mandalay,3
593-95-4461,74.86,1,78.603,3/24/2019,14:49,Cash,Member,Male,Naypyitaw,12
226-71-3580,23.75,9,224.4375,1/31/2019,12:02,Cash,Normal,Female,Naypyitaw,20
283-79-9594,48.51,7,356.5485,1/25/2019,13:30,Credit card,Normal,Female,Mandalay,23
430-60-3493,94.88,7,697.368,2/3/2019,14:38,Cash,Member,Female,Yangon,9
139-20-0155,40.3,10,423.15,1/24/2019,17:37,Credit card,Member,Male,Mandalay,7
558-80-4082,27.85,7,204.6975,3/14/2019,17:20,Ewallet,Normal,Male,Naypyitaw,6
278-97-7759,62.48,1,65.604,2/18/2019,20:29,Cash,Member,Female,Yangon,8
316-68-6352,36.36,2,76.356,1/21/2019,10:00,Cash,Member,Female,Yangon,23
585-03-5943,18.11,10,190.155,3/13/2019,11:46,Ewallet,Normal,Male,Mandalay,2
211-05-0490,51.92,5,272.58,3/3/2019,13:42,Cash,Member,Female,Naypyitaw,6
727-75-6477,28.84,4,121.128,3/29/2019,14:44,Cash,Normal,Male,Naypyitaw,6
744-02-5987,78.38,6,493.794,1/10/2019,14:16,Ewallet,Member,Male,Yangon,11
307-83-9164,60.01,4,252.042,1/25/2019,15:54,Cash,Member,Male,Yangon,13
779-06-0012,88.61,1,93.0405,1/19/2019,10:21,Cash,Member,Female,Naypyitaw,10
446-47-6729,99.82,2,209.622,1/2/2019,18:09,Credit card,Normal,Male,Naypyitaw,29
573-10-3877,39.01,1,40.9605,3/12/2019,16:46,Credit card,Member,Male,Mandalay,1
735-06-4124,48.61,1,51.0405,2/25/2019,15:31,Cash,Normal,Male,Naypyitaw,23
439-54-7422,51.19,4,214.998,3/18/2019,17:15,Credit card,Normal,Female,Yangon,8
396-90-2219,14.96,8,125.664,2/23/2019,12:29,Cash,Normal,Female,Mandalay,8
411-77-0180,72.2,7,530.67,3/26/2019,20:14,Ewallet,Member,Male,Yangon,6
286-01-5402,40.23,7,295.6905,3/30/2019,13:22,Cash,Normal,Female,Yangon,19
803-17-8013,88.79,8,745.836,2/17/2019,17:09,Cash,Member,Female,Yangon,14
512-98-1403,26.48,3,83.412,3/21/2019,10:40,Ewallet,Member,Female,Yangon,7
848-42-2560,81.91,2,172.011,3/5/2019,17:43,Cash,Normal,Female,Yangon,32
532-59-7201,79.93,6,503.559,1/31/2019,14:04,Cash,Member,Male,Mandalay,19
181-94-6432,69.33,2,145.593,2/5/2019,19:05,Ewallet,Member,Male,Naypyitaw,33
870-76-1733,14.23,5,74.7075,2/1/2019,10:08,Credit card,Member,Female,Yangon,25
423-64-4619,15.55,9,11320.0,3/7/2019,13:12,Cash,Member,Female,Yangon,1
227-07-4446,78.13,10,820.365,2/10/2019,20:51,Cash,Member,Female,Naypyitaw,7
174-36-3675,99.37,2,208.677,2/14/2019,17:29,Cash,Member,Male,Naypyitaw,28
428-83-5800,21.08,3,66.402,2/9/2019,10:25,Cash,Member,Female,Naypyitaw,23
603-07-0961,74.79,5,392.6475,1/10/2019,11:34,Cash,Member,Male,Naypyitaw,7
704-20-4138,29.67,7,218.0745,3/11/2019,18:58,Credit card,Member,Female,Naypyitaw,3
787-15-1757,44.07,4,185.094,2/18/2019,16:28,Ewallet,Member,Male,Naypyitaw,4
649-11-3678,22.93,9,216.6885,2/26/2019,20:26,Cash,Normal,Female,Naypyitaw,23
622-20-1945,39.42,1,41.391,1/18/2019,15:08,Cash,Normal,Female,Naypyitaw,3
372-94-8041,15.26,6,96.138,2/15/2019,18:03,Ewallet,Normal,Male,Yangon,2
563-91-7120,61.77,5,324.2925,3/8/2019,13:21,Cash,Normal,Female,Yangon,34
746-54-5508,21.52,6,135.576,1/17/2019,12:48,Credit card,Normal,Male,Yangon,15
276-54-0879,97.74,4,410.508,3/12/2019,19:53,Ewallet,Normal,Male,Mandalay,16
815-11-1168,99.78,5,523.845,3/9/2019,19:09,Cash,Member,Male,Yangon,24
719-76-3868,94.26,4,395.892,3/12/2019,16:30,Cash,Member,Male,Naypyitaw,23
730-61-8757,51.13,4,214.746,1/25/2019,10:11,Credit card,Member,Male,Mandalay,3
340-66-0321,36.36,4,152.712,3/25/2019,13:07,Cash,Member,Male,Yangon,7
868-81-1752,22.02,9,208.089,2/7/2019,18:48,Cash,Normal,Male,Mandalay,14
634-97-8956,32.9,3,103.635,2/17/2019,17:27,Credit card,Normal,Male,Yangon,27
566-71-1091,77.02,5,404.355,2/3/2019,15:59,Cash,Normal,Male,Yangon,30
442-48-3607,23.48,2,49.308,3/14/2019,11:21,Credit card,Member,Male,Yangon,24
835-16-0096,14.7,5,77.175,3/24/2019,13:48,Ewallet,Member,Male,Naypyitaw,20
527-09-6272,28.45,5,149.3625,3/21/2019,10:17,Credit card,Member,Female,Yangon,8
898-04-2717,76.4,9,721.98,3/19/2019,15:49,Ewallet,Normal,Male,Yangon,34
692-27-8933,57.95,6,365.085,2/24/2019,13:02,Cash,Normal,Female,Mandalay,17
633-09-3463,47.65,3,150.0975,3/28/2019,12:58,Credit card,Normal,Female,Naypyitaw,5
374-17-3652,42.82,9,404.649,2/5/2019,15:26,Credit card,Member,Female,Mandalay,25
378-07-7001,48.09,3,151.4835,2/10/2019,18:23,Credit card,Member,Male,Mandalay,6
433-75-6987,55.97,7,411.3795,3/5/2019,19:06,Ewallet,Member,Female,Mandalay,3
873-95-4984,76.9,7,565.215,2/15/2019,20:21,Cash,Member,Female,Mandalay,4
416-13-5917,97.03,5,509.4075,1/30/2019,16:24,Ewallet,Normal,Female,Naypyitaw,27
150-89-8043,44.65,3,140.6475,2/14/2019,15:04,Cash,Normal,Male,Yangon,17
135-84-8019,77.93,9,736.4385,2/27/2019,16:10,Ewallet,Normal,Female,Yangon,29
441-94-7118,71.95,1,75.5475,2/4/2019,12:14,Cash,Member,Male,Yangon,7
725-96-3778,89.25,8,749.7,1/20/2019,10:13,Cash,Member,Female,Naypyitaw,14
531-80-1784,26.02,7,191.247,3/28/2019,17:38,Cash,Normal,Male,Yangon,8
400-45-1220,13.5,10,141.75,2/27/2019,11:06,Credit card,Normal,Female,Mandalay,4
860-79-0874,99.3,10,1042.65,2/15/2019,14:53,Credit card,Member,Female,Naypyitaw,32
834-61-8124,51.69,7,379.9215,1/26/2019,18:22,Cash,Normal,Male,Yangon,8
115-99-4379,54.73,7,402.2655,3/14/2019,19:02,Credit card,Member,Female,Mandalay,30
565-67-6697,27.0,9,255.15,3/2/2019,14:16,Cash,Member,Male,Mandalay,11
320-49-6392,30.24,1,31.752,3/4/2019,15:44,Cash,Normal,Female,Naypyitaw,7
889-04-9723,89.14,4,374.388,1/7/2019,12:20,Credit card,Member,Female,Mandalay,26
632-90-0281,37.55,10,394.275,3/8/2019,20:01,Credit card,Normal,Female,Naypyitaw,31
554-42-2417,95.44,10,1002.12,1/9/2019,13:45,Cash,Normal,Female,Naypyitaw,19
453-63-6187,27.5,3,86.625,3/1/2019,15:40,Ewallet,Normal,Male,Mandalay,6
578-80-7669,74.97,1,78.7185,3/16/2019,16:58,Cash,Normal,Male,Mandalay,19
612-36-5536,80.96,8,680.064,2/17/2019,11:12,Credit card,Member,Male,Yangon,25
605-72-4132,94.47,8,793.548,2/27/2019,15:12,Cash,Normal,Female,Naypyitaw,23
471-41-2823,99.79,2,209.559,3/7/2019,20:37,Ewallet,Normal,Male,Naypyitaw,24
462-67-9126,73.22,6,461.286,1/21/2019,17:44,Cash,Normal,Male,Yangon,13
272-27-9238,41.24,4,173.208,2/19/2019,16:23,Cash,Normal,Female,Naypyitaw,25
834-25-9262,81.68,4,343.056,1/6/2019,12:12,Cash,Normal,Female,Naypyitaw,30
122-61-9553,51.32,9,484.974,3/14/2019,19:33,Cash,Normal,Female,Naypyitaw,7
468-88-0009,65.94,4,276.948,3/24/2019,10:29,Cash,Member,Male,Yangon,13
613-59-9758,14.36,10,150.78,1/27/2019,14:28,Cash,Normal,Female,Naypyitaw,20
254-31-0042,21.5,9,203.175,3/6/2019,12:46,Credit card,Member,Male,Yangon,6
201-86-2184,26.26,7,193.011,2/2/2019,19:40,Cash,Member,Female,Mandalay,8
261-12-8671,60.96,2,128.016,1/25/2019,19:39,Credit card,Normal,Female,Mandalay,34
730-70-9830,70.11,6,441.693,3/14/2019,17:54,Ewallet,Normal,Female,Naypyitaw,12
382-25-8917,42.08,6,265.104,1/29/2019,12:25,Cash,Normal,Male,Naypyitaw,33
422-29-8786,67.09,5,352.2225,1/3/2019,16:47,Credit card,Normal,Female,Yangon,10
667-23-5919,96.7,5,507.675,1/14/2019,12:52,Ewallet,Member,Female,Yangon,30
843-01-4703,35.38,9,334.341,1/5/2019,19:50,Credit card,Member,Female,Mandalay,11
743-88-1662,95.49,7,701.8515,2/22/2019,18:17,Ewallet,Normal,Male,Naypyitaw,19
595-86-2894,96.98,4,407.316,2/6/2019,17:20,Ewallet,Member,Male,Naypyitaw,33
182-69-8360,23.65,4,99.33,1/30/2019,13:32,Credit card,Normal,Female,Mandalay,8
289-15-7034,82.33,4,345.786,1/11/2019,10:37,Credit card,Member,Male,Yangon,22
462-78-5240,26.61,2,55.881,3/19/2019,14:35,Cash,Normal,Female,Naypyitaw,7
868-52-7573,99.69,5,523.3725,1/14/2019,12:09,Cash,Normal,Female,Mandalay,28
153-58-4872,74.89,4,314.538,3/1/2019,15:32,Ewallet,Member,Female,Naypyitaw,24
662-72-2873,40.94,5,214.935,1/6/2019,13:58,Ewallet,Normal,Female,Yangon,27
525-88-7307,75.82,1,79.611,1/31/2019,13:19,Cash,Member,Male,Mandalay,19
689-16-9784,46.77,6,294.651,3/11/2019,13:37,Cash,Normal,Male,Naypyitaw,28
725-56-0833,32.32,10,339.36,2/20/2019,16:49,Credit card,Normal,Female,Yangon,1
394-41-0748,54.07,9,510.9615,1/27/2019,14:55,Ewallet,Member,Female,Naypyitaw,31
596-42-3999,18.22,7,133.917,3/10/2019,14:04,Credit card,Normal,Male,Mandalay,27
541-89-9860,80.48,3,253.512,2/15/2019,12:31,Cash,Member,Female,Naypyitaw,31
173-82-9529,37.95,10,398.475,1/26/2019,14:51,Cash,Normal,Female,Mandalay,32
563-36-9814,76.82,1,80.661,2/13/2019,18:27,Ewallet,Member,Male,Yangon,8
308-47-4913,52.26,10,548.73,3/9/2019,12:45,Credit card,Member,Female,Yangon,20
885-17-6250,79.74,1,83.727,3/6/2019,10:36,Ewallet,Normal,Female,Yangon,4
726-27-2396,77.5,5,406.875,1/24/2019,20:36,Ewallet,Normal,Female,Yangon,2
316-01-3952,54.27,5,284.9175,3/13/2019,14:16,Ewallet,Normal,Female,Yangon,24
760-54-1821,13.59,9,128.4255,3/15/2019,10:26,Cash,Normal,Male,Mandalay,15
793-10-3222,41.06,6,258.678,3/5/2019,13:30,Credit card,Member,Female,Mandalay,1
346-12-3257,19.24,9,181.818,3/4/2019,16:28,Cash,Member,Male,Mandalay,7
110-05-6330,39.43,6,248.409,3/25/2019,20:18,Credit card,Normal,Female,Naypyitaw,26
651-61-0874,46.22,4,194.124,3/12/2019,20:04,Credit card,Normal,Male,Naypyitaw,13
236-86-3015,13.98,1,14.679,2/4/2019,13:38,Ewallet,Member,Male,Naypyitaw,13
831-64-0259,39.75,5,208.6875,2/22/2019,10:43,Ewallet,Normal,Female,Mandalay,31
587-03-7455,97.79,7,718.7565,2/16/2019,17:30,Ewallet,Member,Female,Naypyitaw,33
882-40-4577,67.26,4,282.492,1/19/2019,15:28,Credit card,Member,Male,Yangon,16
732-67-5346,13.79,5,72.3975,1/11/2019,19:07,Credit card,Normal,Male,Yangon,23
725-32-9708,68.71,4,288.582,1/4/2019,19:01,Cash,Member,Female,Mandalay,33
256-08-8343,56.53,4,237.426,3/4/2019,19:48,Ewallet,Normal,Female,Yangon,11
372-26-1506,23.82,5,125.055,1/28/2019,19:24,Ewallet,Normal,Female,Naypyitaw,29
244-08-0162,34.21,10,359.205,1/2/2019,13:00,Cash,Normal,Female,Mandalay,2
569-71-4390,21.87,2,45.927,1/25/2019,14:29,Ewallet,Normal,Male,Mandalay,16
132-23-6451,20.97,5,110.0925,1/4/2019,13:21,Cash,Member,Male,Yangon,2
696-90-2548,25.84,3,81.396,3/10/2019,18:55,Ewallet,Normal,Male,Yangon,19
472-15-9636,50.93,8,427.812,3/22/2019,19:36,Ewallet,Normal,Male,Yangon,15
268-03-6164,96.11,1,100.9155,1/25/2019,16:28,Ewallet,Normal,Male,Mandalay,3
750-57-9686,45.38,4,190.596,1/8/2019,13:48,Credit card,Normal,Female,Naypyitaw,10
186-09-3669,81.51,1,85.5855,1/22/2019,10:57,Ewallet,Member,Female,Naypyitaw,1
848-07-1692,57.22,2,120.162,1/12/2019,17:13,Ewallet,Normal,Female,Mandalay,1
745-71-3520,25.22,7,185.367,2/4/2019,10:23,Cash,Member,Female,Yangon,7
266-76-6436,38.6,3,121.59,3/28/2019,13:57,Ewallet,Member,Female,Naypyitaw,23
740-22-2500,84.05,3,264.7575,1/23/2019,13:29,Cash,Normal,Female,Naypyitaw,7
271-88-8734,97.21,10,1020.705,2/8/2019,13:00,Credit card,Member,Female,Naypyitaw,31
301-81-8610,25.42,8,213.528,3/19/2019,19:42,Credit card,Member,Male,Mandalay,31
489-64-4354,16.28,1,17.094,3/9/2019,15:36,Cash,Normal,Male,Naypyitaw,31
198-84-7132,40.61,9,383.7645,1/2/2019,13:40,Cash,Member,Male,Mandalay,31
269-10-8440,53.17,7,390.7995,1/21/2019,18:01,Cash,Member,Male,Yangon,3
650-98-6268,20.87,3,65.7405,3/20/2019,13:53,Credit card,Member,Female,Mandalay,27
741-73-3559,67.27,5,353.1675,2/27/2019,17:27,Cash,Normal,Male,Mandalay,18
325-77-6186,90.65,10,951.825,3/8/2019,10:53,Ewallet,Member,Female,Yangon,11
286-75-7818,69.08,2,145.068,1/31/2019,19:48,Credit card,Normal,Male,Mandalay,32
574-57-9721,43.27,2,90.867,3/8/2019,16:53,Ewallet,Normal,Male,Naypyitaw,23
459-50-7686,23.46,6,147.798,1/13/2019,19:14,Ewallet,Normal,Female,Yangon,5
616-87-0016,95.54,7,702.219,3/9/2019,14:36,Credit card,Normal,Male,Mandalay,34
837-55-7229,47.44,1,49.812,2/22/2019,18:19,Credit card,Normal,Female,Mandalay,31
751-69-0068,99.24,9,937.818,3/19/2019,19:09,Ewallet,Normal,Male,Naypyitaw,16
257-73-1380,82.93,4,348.306,1/20/2019,16:51,Ewallet,Member,Male,Naypyitaw,21
345-08-4992,33.99,6,214.137,3/8/2019,15:37,Credit card,Normal,Male,Yangon,15
549-96-4200,17.04,4,71.568,3/8/2019,20:15,Ewallet,Member,Male,Naypyitaw,27
810-60-6344,40.86,8,343.224,2/7/2019,14:38,Credit card,Normal,Female,Naypyitaw,8
450-28-2866,17.44,5,91.56,1/15/2019,19:25,Cash,Member,Male,Naypyitaw,23
394-30-3170,88.43,8,742.812,3/22/2019,19:35,Credit card,Member,Female,Mandalay,21
138-17-5109,89.21,9,843.0345,1/15/2019,15:42,Credit card,Member,Female,Yangon,14
192-98-7397,12.78,1,13.419,1/8/2019,14:11,Ewallet,Normal,Male,Naypyitaw,31
301-11-9629,19.1,7,140.385,1/15/2019,10:43,Cash,Normal,Female,Yangon,19
390-80-5128,19.15,1,20.1075,1/28/2019,17:58,Credit card,Member,Female,Mandalay,3
235-46-8343,27.66,10,290.43,2/14/2019,11:26,Credit card,Member,Male,Naypyitaw,24
453-12-7053,45.74,3,144.081,3/10/2019,17:38,Credit card,Normal,Male,Naypyitaw,34
296-11-7041,27.07,1,28.4235,1/12/2019,20:07,Credit card,Member,Female,Mandalay,2
449-27-2918,39.12,1,41.076,3/26/2019,11:02,Credit card,Member,Female,Mandalay,16
891-01-7034,74.71,6,470.673,1/1/2019,19:07,Cash,Normal,Female,Mandalay,5
744-09-5786,22.01,6,138.663,1/2/2019,18:50,Cash,Normal,Male,Mandalay,8
727-17-0390,63.61,5,333.9525,3/16/2019,12:43,Ewallet,Normal,Female,Yangon,25
568-88-3448,25.0,1,26.25,3/3/2019,15:09,Ewallet,Normal,Male,Yangon,3
187-83-5490,20.77,4,87.234,1/31/2019,13:47,Cash,Member,Male,Yangon,6
767-54-1907,29.56,5,155.19,2/13/2019,16:59,Cash,Member,Female,Mandalay,34
710-46-4433,77.4,9,731.43,2/15/2019,14:15,Credit card,Member,Female,Mandalay,27
533-33-5337,79.39,10,833.595,2/7/2019,20:24,Cash,Normal,Male,Mandalay,6
325-90-8763,46.57,10,488.985,1/27/2019,13:58,Cash,Member,Female,Naypyitaw,7
729-46-7422,35.89,1,37.6845,2/23/2019,16:52,Credit card,Normal,Male,Naypyitaw,24
639-76-1242,40.52,5,212.73,2/3/2019,15:19,Cash,Normal,Male,Naypyitaw,23
234-03-4040,73.05,10,767.025,3/3/2019,12:25,Credit card,Member,Female,Mandalay,24
326-71-2155,73.95,4,310.59,2/3/2019,10:02,Cash,Normal,Female,Naypyitaw,21
320-32-8842,22.62,1,23.751,3/17/2019,18:58,Cash,Member,Female,Naypyitaw,28
470-32-9057,51.34,5,269.535,3/28/2019,15:31,Credit card,Member,Male,Yangon,26
878-30-2331,54.55,10,572.775,3/2/2019,11:22,Credit card,Member,Female,Naypyitaw,18
440-59-5691,37.15,7,273.0525,2/8/2019,13:12,Credit card,Member,Female,Naypyitaw,3
554-53-3790,37.02,6,233.226,3/22/2019,18:33,Cash,Normal,Male,Mandalay,22
746-19-0921,21.58,1,22.659,2/9/2019,10:02,Ewallet,Normal,Male,Naypyitaw,24
233-34-0817,98.84,1,103.782,2/15/2019,11:21,Cash,Member,Female,Naypyitaw,8
767-05-1286,83.77,6,527.751,1/23/2019,12:10,Ewallet,Member,Female,Naypyitaw,10
340-21-9136,40.05,4,168.21,1/25/2019,11:40,Cash,Member,Female,Yangon,20
405-31-3305,43.13,10,452.865,2/2/2019,18:31,Credit card,Member,Male,Yangon,33
731-59-7531,72.57,8,609.588,3/30/2019,17:58,Cash,Member,Male,Mandalay,3
676-39-6028,64.44,5,338.31,3/30/2019,17:04,Cash,Member,Female,Yangon,8
502-05-1910,65.18,3,205.317,2/25/2019,20:35,Credit card,Normal,Male,Yangon,4
485-30-8700,33.26,5,174.615,3/18/2019,16:10,Credit card,Normal,Female,Yangon,17
598-47-9715,84.07,4,353.094,3/7/2019,16:54,Ewallet,Normal,Male,Naypyitaw,8
701-69-8742,34.37,10,360.885,3/16/2019,10:11,Ewallet,Normal,Male,Mandalay,21
575-67-1508,38.6,1,40.53,1/29/2019,11:26,Ewallet,Normal,Male,Yangon,8
541-08-3113,65.97,8,554.148,2/2/2019,20:29,Cash,Normal,Male,Naypyitaw,25
246-11-3901,32.8,10,344.4,2/15/2019,12:12,Cash,Normal,Female,Naypyitaw,5
674-15-9296,37.14,5,194.985,1/8/2019,13:05,Ewallet,Normal,Male,Yangon,16
305-18-3552,60.38,10,633.99,2/12/2019,16:19,Cash,Member,Male,Mandalay,10
493-65-6248,36.98,10,388.29,1/1/2019,19:48,Credit card,Member,Female,Naypyitaw,16
438-01-4015,49.49,4,207.858,3/21/2019,15:25,Ewallet,Member,Female,Mandalay,20
709-58-4068,41.09,10,431.445,2/28/2019,14:42,Cash,Normal,Female,Mandalay,33
795-49-7276,37.15,4,156.03,3/23/2019,18:59,Ewallet,Normal,Male,Yangon,29
556-72-8512,22.96,1,24.108,1/30/2019,20:47,Cash,Normal,Male,Naypyitaw,11
627-95-3243,77.68,9,734.076,2/4/2019,13:21,Ewallet,Member,Female,Mandalay,13
686-41-0932,34.7,2,72.87,3/13/2019,19:48,Ewallet,Normal,Female,Mandalay,31
510-09-5628,19.66,10,206.43,3/15/2019,18:20,Credit card,Member,Female,Yangon,32
608-04-3797,25.32,8,212.688,3/5/2019,20:24,Ewallet,Member,Female,Mandalay,3
148-82-2527,12.12,10,127.26,3/5/2019,13:44,Credit card,Member,Female,Naypyitaw,15
437-53-3084,99.89,2,209.769,2/26/2019,11:48,Ewallet,Normal,Male,Mandalay,33
632-32-4574,75.92,8,637.728,3/20/2019,14:14,Cash,Normal,Male,Mandalay,20
556-97-7101,63.22,2,132.762,1/1/2019,15:51,Cash,Normal,Female,Naypyitaw,8
862-59-8517,90.24,6,568.512,1/27/2019,11:17,Cash,Normal,Female,Naypyitaw,25
401-18-8016,98.13,1,103.0365,1/21/2019,17:36,Cash,Member,Female,Mandalay,17
420-18-8989,51.52,8,432.768,2/2/2019,15:47,Cash,Member,Female,Yangon,19
277-63-2961,73.97,1,77.6685,2/3/2019,15:53,Credit card,Member,Male,Mandalay,18
573-98-8548,31.9,1,33.495,1/5/2019,12:40,Ewallet,Member,Female,Naypyitaw,29
620-02-2046,69.4,2,145.74,1/27/2019,19:48,Ewallet,Normal,Male,Naypyitaw,11
282-35-2475,93.31,2,195.951,3/25/2019,17:53,Cash,Normal,Female,Mandalay,17
511-54-3087,88.45,1,92.8725,2/25/2019,16:36,Credit card,Normal,Male,Mandalay,16
726-29-6793,24.18,8,203.112,1/28/2019,20:54,Ewallet,Member,Male,Yangon,6
387-49-4215,48.5,3,152.775,1/8/2019,12:50,Cash,Member,Female,Mandalay,17
862-17-9201,84.05,6,529.515,1/29/2019,10:48,Credit card,Normal,Female,Mandalay,24
291-21-5991,61.29,5,321.7725,3/29/2019,14:28,Cash,Member,Male,Mandalay,3
602-80-9671,15.95,6,100.485,2/9/2019,17:15,Credit card,Member,Female,Naypyitaw,10
347-72-6115,90.74,7,666.939,1/16/2019,18:03,Credit card,Member,Female,Mandalay,21
209-61-0206,42.91,5,225.2775,1/5/2019,17:29,Ewallet,Normal,Female,Yangon,10
595-27-4851,54.28,7,398.958,1/27/2019,18:05,Ewallet,Normal,Female,Yangon,30
189-52-0236,99.55,7,731.6925,3/14/2019,12:07,Cash,Normal,Male,Yangon,5
503-07-0930,58.39,7,429.1665,2/23/2019,19:49,Credit card,Member,Male,Naypyitaw,17
413-20-6708,51.47,1,54.0435,3/18/2019,15:52,Ewallet,Member,Female,Naypyitaw,34
425-85-2085,54.86,5,288.015,3/29/2019,16:48,Ewallet,Member,Male,Mandalay,1
521-18-7827,39.39,5,206.7975,1/22/2019,20:46,Credit card,Member,Male,Naypyitaw,13
220-28-1851,34.73,2,72.933,3/1/2019,18:14,Ewallet,Normal,Male,Yangon,9
600-38-9738,71.92,5,377.58,1/17/2019,15:05,Credit card,Member,Male,Naypyitaw,20
734-91-1155,45.71,3,143.9865,3/26/2019,10:34,Credit card,Normal,Female,Mandalay,7
451-28-5717,83.17,6,523.971,3/20/2019,11:23,Cash,Member,Female,Naypyitaw,10
609-81-8548,37.44,6,235.872,2/6/2019,13:55,Credit card,Member,Female,Yangon,11
133-14-7229,62.87,2,132.027,1/1/2019,11:43,Cash,Normal,Male,Naypyitaw,1
534-01-4457,81.71,6,514.773,1/27/2019,14:36,Credit card,Normal,Male,Yangon,28
719-89-8991,91.41,5,479.9025,2/25/2019,16:03,Ewallet,Member,Female,Yangon,18
286-62-6248,39.21,4,164.682,1/16/2019,20:03,Credit card,Normal,Male,Mandalay,29
339-38-9982,59.86,2,125.706,1/13/2019,14:55,Ewallet,Member,Male,Mandalay,31
827-44-5872,54.36,10,570.78,2/7/2019,11:28,Credit card,Member,Female,Mandalay,27
827-77-7633,98.09,9,926.9505,2/17/2019,19:41,Cash,Normal,Male,Yangon,18
287-83-1405,25.43,6,160.209,2/12/2019,19:01,Ewallet,Normal,Male,Yangon,4
435-13-4908,86.68,8,728.112,1/24/2019,18:04,Credit card,Member,Male,Yangon,31
857-67-9057,22.95,10,240.975,2/6/2019,19:20,Ewallet,Normal,Male,Mandalay,8
236-27-1144,16.31,9,154.1295,3/26/2019,10:31,Ewallet,Normal,Female,Naypyitaw,25
892-05-6689,28.32,5,148.68,3/11/2019,13:28,Ewallet,Normal,Female,Yangon,11
583-41-4548,16.67,7,122.5245,2/7/2019,11:36,Ewallet,Normal,Male,Naypyitaw,14
339-12-4827,73.96,1,77.658,1/5/2019,11:32,Credit card,Member,Female,Mandalay,33
643-38-7867,97.94,1,102.837,3/7/2019,11:44,Ewallet,Normal,Male,Yangon,10
308-81-0538,73.05,4,306.81,2/25/2019,17:16,Credit card,Normal,Female,Yangon,31
358-88-9262,87.48,6,551.124,2/1/2019,18:43,Ewallet,Member,Female,Naypyitaw,27
460-35-4390,30.68,3,96.642,1/22/2019,11:00,Ewallet,Normal,Male,Yangon,10
343-87-0864,75.88,1,79.674,1/3/2019,10:30,Credit card,Member,Male,Naypyitaw,3
173-50-1108,20.18,4,84.756,2/13/2019,12:14,Credit card,Member,Female,Mandalay,19
243-47-2663,18.77,6,118.251,1/28/2019,16:43,Credit card,Member,Male,Naypyitaw,5
841-18-8232,71.2,1,74.76,1/5/2019,20:40,Credit card,Normal,Female,Mandalay,25
701-23-5550,38.81,4,163.002,3/19/2019,13:40,Ewallet,Member,Male,Mandalay,12
647-50-1224,29.42,10,308.91,1/12/2019,16:23,Ewallet,Normal,Female,Yangon,32
541-48-8554,60.95,9,575.9775,1/7/2019,12:08,Credit card,Normal,Male,Yangon,19
539-21-7227,51.54,5,270.585,1/26/2019,17:45,Cash,Normal,Female,Mandalay,20
213-32-1216,66.06,6,416.178,1/23/2019,10:28,Cash,Normal,Female,Yangon,8
747-58-7183,57.27,3,180.4005,2/9/2019,20:31,Ewallet,Normal,Male,Mandalay,29
582-52-8065,54.31,9,513.2295,2/22/2019,10:49,Cash,Normal,Female,Mandalay,30
210-57-1719,58.24,9,550.368,2/5/2019,12:34,Cash,Normal,Female,Mandalay,1
399-69-4630,22.21,6,139.923,3/7/2019,10:23,Credit card,Normal,Male,Naypyitaw,5
134-75-2619,19.32,7,142.002,3/25/2019,18:51,Cash,Member,Male,Yangon,5
356-44-8813,37.48,3,118.062,1/20/2019,13:45,Credit card,Normal,Male,Mandalay,14
198-66-9832,72.04,2,151.284,2/4/2019,19:38,Cash,Member,Female,Mandalay,30
283-26-5248,98.52,10,1034.46,1/30/2019,20:23,Ewallet,Member,Female,Naypyitaw,26
712-39-0363,41.66,6,262.458,1/2/2019,15:24,Ewallet,Member,Male,Yangon,26
218-59-9410,72.42,3,228.123,3/29/2019,16:54,Ewallet,Member,Female,Yangon,9
174-75-0888,21.58,9,203.931,3/14/2019,12:32,Cash,Normal,Male,Mandalay,6
866-99-7614,89.2,10,936.6,2/11/2019,15:42,Credit card,Normal,Male,Naypyitaw,25
134-54-4720,42.42,8,356.328,1/30/2019,13:58,Ewallet,Normal,Female,Mandalay,8
760-90-2357,74.51,6,469.413,3/20/2019,15:08,Ewallet,Member,Male,Yangon,6
514-37-2845,99.25,2,208.425,3/20/2019,13:02,Cash,Normal,Male,Mandalay,32
698-98-5964,81.21,10,852.705,1/17/2019,13:01,Credit card,Normal,Female,Yangon,23
718-57-9773,49.33,10,517.965,2/3/2019,16:40,Credit card,Normal,Female,Naypyitaw,18
651-88-7328,65.74,9,621.243,1/1/2019,13:55,Cash,Normal,Female,Yangon,32
241-11-2261,79.86,7,586.971,1/10/2019,10:33,Credit card,Normal,Female,Mandalay,32
408-26-9866,73.98,7,543.753,3/2/2019,16:42,Ewallet,Normal,Female,Naypyitaw,18
834-83-1826,82.04,5,430.71,2/25/2019,17:16,Credit card,Member,Female,Mandalay,11
343-61-3544,26.67,10,280.035,1/29/2019,11:48,Cash,Member,Male,Mandalay,22
239-48-4278,10.13,7,74.4555,3/10/2019,19:35,Ewallet,Member,Male,Yangon,27
355-34-6244,72.39,2,152.019,1/13/2019,19:55,Credit card,Normal,Male,Mandalay,25
550-84-8664,85.91,5,451.0275,3/22/2019,14:33,Credit card,Normal,Male,Yangon,18
339-96-8318,81.31,7,597.6285,3/1/2019,19:49,Ewallet,Member,Male,Mandalay,34
458-61-0011,60.3,4,253.26,2/20/2019,18:43,Cash,Normal,Male,Mandalay,28
592-34-6155,31.77,4,133.434,1/14/2019,14:43,Ewallet,Normal,Male,Naypyitaw,27
797-88-0493,64.27,4,269.934,3/26/2019,13:54,Cash,Normal,Female,Yangon,2
207-73-1363,69.51,2,145.971,3/1/2019,12:15,Ewallet,Normal,Male,Mandalay,1
390-31-6381,27.22,3,85.743,1/7/2019,12:37,Cash,Normal,Male,Naypyitaw,27
443-82-0585,77.68,4,326.256,2/1/2019,19:54,Cash,Member,Female,Yangon,3
339-18-7061,92.98,2,195.258,2/13/2019,15:06,Credit card,Member,Female,Naypyitaw,34
359-90-3665,18.08,4,75.936,1/14/2019,18:03,Credit card,Member,Female,Mandalay,34
375-72-3056,63.06,3,198.639,1/19/2019,15:58,Ewallet,Normal,Male,Mandalay,21
127-47-6963,51.71,4,217.182,3/9/2019,13:53,Credit card,Normal,Male,Yangon,1
278-86-2735,52.34,3,164.871,3/27/2019,14:03,Cash,Normal,Female,Yangon,25
695-28-6250,43.06,5,226.065,2/4/2019,16:38,Ewallet,Normal,Female,Yangon,17
379-17-6588,59.61,10,625.905,3/14/2019,11:07,Cash,Normal,Male,Naypyitaw,32
227-50-3718,14.62,5,76.755,3/4/2019,12:23,Cash,Normal,Male,Yangon,1
302-15-2162,46.53,6,293.139,3/3/2019,10:54,Credit card,Member,Male,Naypyitaw,2
788-07-8452,24.24,7,178.164,1/27/2019,17:38,Ewallet,Member,Female,Naypyitaw,13
560-49-6611,45.58,1,47.859,2/7/2019,14:13,Cash,Member,Female,Yangon,21
880-35-0356,75.2,3,236.88,2/5/2019,11:51,Ewallet,Member,Female,Yangon,17
585-11-6748,96.8,3,304.92,3/15/2019,13:05,Cash,Member,Male,Mandalay,21
470-31-3286,14.82,3,46.683,3/1/2019,11:30,Credit card,Normal,Male,Mandalay,1
152-68-2907,52.2,3,164.43,2/15/2019,13:30,Credit card,Normal,Male,Yangon,27
123-35-4896,46.66,9,440.937,2/17/2019,19:11,Ewallet,Normal,Female,Naypyitaw,20
258-69-7810,36.85,5,193.4625,1/26/2019,18:53,Cash,Normal,Female,Naypyitaw,31
334-64-2006,70.32,2,147.672,3/24/2019,14:22,Ewallet,Member,Female,Yangon,9
219-61-4139,83.08,1,87.234,1/23/2019,17:16,Ewallet,Normal,Male,Naypyitaw,6
881-41-7302,64.99,1,68.2395,1/26/2019,10:06,Credit card,Normal,Female,Naypyitaw,34
373-09-4567,77.56,10,814.38,3/14/2019,20:35,Ewallet,Normal,Male,Naypyitaw,28
642-30-6693,54.51,6,343.413,3/17/2019,13:54,Ewallet,Normal,Female,Mandalay,17
484-22-8230,51.89,7,381.3915,1/8/2019,20:08,Cash,Member,Female,Naypyitaw,30
830-58-2383,31.75,4,133.35,2/8/2019,15:26,Cash,Normal,Male,Mandalay,15
559-98-9873,53.65,7,394.3275,2/10/2019,12:56,Ewallet,Member,Female,Yangon,34
544-32-5024,49.79,4,209.118,3/28/2019,19:16,Credit card,Member,Female,Naypyitaw,28
318-12-0304,30.61,1,32.1405,1/23/2019,12:20,Ewallet,Normal,Male,Yangon,32
349-97-8902,57.89,2,121.569,1/17/2019,10:37,Ewallet,Member,Male,Mandalay,28
421-95-9805,28.96,1,30.408,2/7/2019,10:18,Credit card,Normal,Female,Yangon,8
277-35-5865,98.97,9,935.2665,3/9/2019,11:23,Cash,Member,Female,Naypyitaw,23
789-23-8625,93.22,3,293.643,1/24/2019,11:45,Cash,Member,Male,Mandalay,34
284-54-4231,80.93,1,84.9765,1/19/2019,16:08,Credit card,Member,Male,Naypyitaw,22
443-59-0061,67.45,10,708.225,2/3/2019,11:25,Ewallet,Member,Male,Yangon,28
509-29-3912,38.72,9,365.904,3/20/2019,12:24,Ewallet,Member,Female,Yangon,16
327-40-9673,72.6,6,38579.0,1/13/2019,19:51,Cash,Member,Male,Mandalay,22
840-19-2096,87.91,5,461.5275,3/14/2019,18:10,Ewallet,Member,Male,Naypyitaw,5
828-46-6863,98.53,6,620.739,1/23/2019,11:22,Credit card,Member,Male,Yangon,26
641-96-3695,43.46,6,273.798,2/7/2019,17:55,Ewallet,Member,Female,Naypyitaw,30
420-97-3340,71.68,3,225.792,3/28/2019,15:30,Credit card,Normal,Female,Yangon,27
436-54-4512,91.61,1,96.1905,3/20/2019,19:44,Cash,Member,Female,Yangon,26
670-79-6321,94.59,7,695.2365,1/17/2019,15:27,Credit card,Member,Female,Mandalay,12
852-62-7105,83.25,10,874.125,1/12/2019,11:25,Credit card,Normal,Female,Mandalay,30
598-06-7312,91.35,1,95.9175,2/16/2019,15:42,Cash,Member,Male,Mandalay,31
135-13-8269,78.88,2,165.648,1/26/2019,16:04,Cash,Member,Female,Mandalay,25
816-57-2053,60.87,2,127.827,3/9/2019,12:37,Ewallet,Normal,Male,Yangon,16
628-90-8624,82.58,10,867.09,3/14/2019,14:41,Cash,Member,Male,Mandalay,3
856-66-2701,53.3,3,167.895,1/25/2019,14:19,Ewallet,Member,Male,Yangon,9
308-39-1707,12.09,1,12.6945,1/26/2019,18:19,Credit card,Normal,Female,Yangon,29
149-61-1929,64.19,10,673.995,1/19/2019,14:08,Credit card,Normal,Male,Yangon,20
655-07-2265,78.31,3,246.6765,3/5/2019,16:38,Ewallet,Normal,Male,Yangon,6
589-02-8023,83.77,2,175.917,1/15/2019,10:54,Credit card,Member,Male,Yangon,28
420-04-7590,99.7,3,314.055,3/18/2019,11:29,Ewallet,Normal,Male,Mandalay,14
182-88-2763,79.91,3,251.7165,3/20/2019,19:28,Credit card,Member,Male,Mandalay,27
188-55-0967,66.47,10,697.935,1/15/2019,15:01,Credit card,Member,Male,Mandalay,4
610-46-4100,28.95,7,212.7825,3/3/2019,20:31,Credit card,Normal,Male,Yangon,2
318-81-2368,46.2,1,48.51,3/19/2019,12:16,Cash,Normal,Female,Naypyitaw,8
364-33-8584,17.63,5,92.5575,3/8/2019,15:27,Cash,Member,Female,Mandalay,26
665-63-9737,52.42,3,165.123,2/27/2019,17:36,Ewallet,Normal,Male,Mandalay,31
695-09-5146,98.79,3,311.1885,2/23/2019,20:00,Ewallet,Member,Female,Mandalay,28
155-45-3814,88.55,8,743.82,3/19/2019,15:29,Ewallet,Member,Female,Naypyitaw,7
794-32-2436,55.67,2,116.907,3/27/2019,15:08,Ewallet,Member,Male,Mandalay,5
131-15-8856,72.52,8,609.168,3/30/2019,19:26,Credit card,Member,Female,Naypyitaw,23
273-84-2164,12.05,5,63.2625,2/16/2019,15:53,Ewallet,Member,Male,Naypyitaw,5
706-36-6154,19.36,9,22493.0,1/18/2019,18:43,Ewallet,Member,Male,Yangon,11
778-89-7974,70.21,6,442.323,3/30/2019,14:58,Cash,Normal,Male,Naypyitaw,4
574-31-8277,33.63,1,35.3115,3/20/2019,19:55,Cash,Member,Male,Mandalay,31
859-71-0933,15.49,2,32.529,1/16/2019,15:10,Cash,Member,Female,Naypyitaw,22
740-11-5257,24.74,10,259.77,2/24/2019,16:44,Cash,Normal,Male,Naypyitaw,7
369-82-2676,75.66,5,397.215,1/15/2019,18:22,Ewallet,Normal,Male,Mandalay,8
563-47-4072,55.81,6,351.603,1/22/2019,11:52,Cash,Normal,Female,Mandalay,3
742-04-5161,72.78,10,764.19,2/3/2019,17:24,Cash,Member,Male,Yangon,10
149-15-7606,37.32,9,352.674,3/6/2019,15:31,Ewallet,Member,Male,Mandalay,16
133-77-3154,60.18,4,252.756,2/16/2019,18:04,Credit card,Member,Male,Mandalay,30
169-52-4504,15.69,3,49.4235,3/14/2019,14:13,Credit card,Normal,Female,Yangon,5
250-81-7186,99.69,1,104.6745,2/27/2019,10:23,Credit card,Normal,Female,Naypyitaw,8
562-12-5430,88.15,3,277.6725,1/18/2019,10:11,Ewallet,Member,Female,Yangon,31
816-72-8853,27.93,5,146.6325,1/29/2019,15:48,Cash,Member,Female,Yangon,18
491-38-3499,55.45,1,58.2225,2/26/2019,17:46,Credit card,Member,Male,Yangon,29
322-02-2271,42.97,3,135.3555,2/3/2019,11:46,Cash,Normal,Female,Mandalay,19
842-29-4695,17.14,7,125.979,1/16/2019,12:07,Credit card,Member,Male,Naypyitaw,19
725-67-2480,58.75,6,370.125,3/24/2019,18:14,Credit card,Member,Female,Mandalay,31
641-51-2661,87.1,10,914.55,2/12/2019,14:45,Credit card,Member,Female,Naypyitaw,27
714-02-3114,98.8,2,207.48,2/21/2019,11:39,Cash,Normal,Female,Naypyitaw,17
518-17-2983,48.63,4,204.246,2/4/2019,15:44,Ewallet,Normal,Female,Yangon,31
779-42-2410,57.74,3,181.881,2/20/2019,13:06,Ewallet,Member,Male,Mandalay,25
190-14-3147,17.97,4,75.474,2/23/2019,20:43,Ewallet,Normal,Female,Mandalay,4
408-66-6712,47.71,6,300.573,2/16/2019,14:19,Ewallet,Member,Female,Naypyitaw,4
679-22-6530,40.62,2,85.302,1/17/2019,10:01,Credit card,Normal,Female,Mandalay,21
588-47-8641,56.04,10,588.42,1/14/2019,19:30,Ewallet,Member,Male,Yangon,31
642-61-4706,93.4,2,196.14,3/30/2019,16:34,Cash,Member,Male,Mandalay,26
576-31-4774,73.41,3,231.2415,3/2/2019,13:10,Ewallet,Normal,Female,Mandalay,4
556-41-6224,33.64,8,282.576,2/15/2019,17:10,Credit card,Normal,Male,Naypyitaw,2
811-03-8790,45.48,10,477.54,3/1/2019,10:22,Credit card,Normal,Female,Yangon,8
242-11-3142,83.77,2,175.917,2/24/2019,19:57,Cash,Member,Male,Mandalay,34
752-23-3760,64.08,7,470.988,2/19/2019,19:29,Credit card,Member,Female,Mandalay,20
274-05-5470,73.47,4,308.574,2/23/2019,18:30,Cash,Member,Female,Yangon,27
648-94-3045,58.95,10,618.975,2/7/2019,14:27,Ewallet,Normal,Male,Naypyitaw,1
130-67-4723,48.5,6,305.55,1/11/2019,13:57,Ewallet,Member,Male,Yangon,28
528-87-5606,39.48,1,41.454,2/12/2019,19:43,Cash,Member,Female,Mandalay,8
320-85-2052,34.81,1,36.5505,1/14/2019,10:11,Credit card,Normal,Female,Mandalay,21
370-96-0655,49.32,6,310.716,1/9/2019,13:46,Ewallet,Normal,Female,Naypyitaw,30
105-10-6182,21.48,2,45.108,2/27/2019,12:22,Ewallet,Member,Male,Yangon,30
510-79-0415,23.08,6,145.404,1/24/2019,19:20,Ewallet,Member,Female,Mandalay,20
241-96-5076,49.1,2,103.11,1/8/2019,12:58,Credit card,Member,Female,Mandalay,14
767-97-4650,64.83,2,136.143,1/8/2019,11:59,Credit card,Member,Female,Mandalay,16
648-83-1321,63.56,10,667.38,1/16/2019,17:59,Cash,Member,Male,Yangon,10
173-57-2300,72.88,2,153.048,3/13/2019,12:51,Cash,Member,Male,Naypyitaw,16
305-03-2383,67.1,3,211.365,2/15/2019,10:36,Cash,Normal,Female,Yangon,26
394-55-6384,70.19,9,663.2955,1/25/2019,13:38,Cash,Member,Female,Naypyitaw,20
266-20-6657,55.04,7,404.544,3/12/2019,19:39,Ewallet,Member,Male,Naypyitaw,26
689-05-1884,48.63,10,510.615,3/4/2019,12:44,Cash,Member,Male,Yangon,1
196-01-2849,73.38,7,539.343,2/10/2019,13:56,Cash,Member,Female,Naypyitaw,32
372-62-5264,52.6,9,497.07,1/16/2019,14:42,Cash,Normal,Female,Naypyitaw,24
800-09-8606,87.37,5,458.6925,1/29/2019,19:45,Cash,Member,Female,Yangon,14
182-52-7000,27.04,4,113.568,1/1/2019,20:26,Ewallet,Member,Female,Yangon,16
826-58-8051,62.19,4,261.198,1/6/2019,19:46,Ewallet,Normal,Male,Mandalay,14
868-06-0466,69.58,9,657.531,2/19/2019,19:38,Credit card,Member,Male,Yangon,7
751-41-9720,97.5,10,1023.75,1/12/2019,16:18,Ewallet,Normal,Male,Naypyitaw,14
626-43-7888,60.41,8,507.444,2/7/2019,12:23,Ewallet,Normal,Female,Naypyitaw,31
176-64-7711,32.32,3,101.808,3/27/2019,19:11,Credit card,Normal,Male,Mandalay,23
191-29-0321,19.77,10,207.585,2/27/2019,18:57,Credit card,Member,Female,Mandalay,32
729-06-2010,80.47,9,760.4415,1/6/2019,11:18,Cash,Member,Male,Mandalay,3
640-48-5028,88.39,9,835.2855,3/2/2019,12:40,Cash,Member,Female,Mandalay,10
186-79-9562,71.77,7,527.5095,3/29/2019,14:06,Cash,Normal,Male,Mandalay,4
834-45-5519,43.0,4,180.6,1/31/2019,20:48,Ewallet,Normal,Female,Mandalay,7
162-65-8559,68.98,1,72.429,1/21/2019,20:13,Cash,Member,Male,Naypyitaw,25
760-27-5490,15.62,8,131.208,1/20/2019,20:37,Ewallet,Normal,Male,Naypyitaw,29
445-30-9252,25.7,3,80.955,1/17/2019,17:59,Ewallet,Normal,Male,Yangon,18
786-94-2700,80.62,6,507.906,2/28/2019,20:18,Cash,Member,Male,Yangon,27
728-88-7867,75.53,4,317.226,3/19/2019,15:52,Ewallet,Member,Female,Naypyitaw,13
183-21-3799,77.63,9,733.6035,2/19/2019,15:14,Ewallet,Normal,Female,Naypyitaw,8
268-20-3585,13.85,9,130.8825,2/4/2019,12:50,Ewallet,Normal,Female,Naypyitaw,2
735-32-9839,98.7,8,829.08,1/31/2019,10:36,Ewallet,Member,Male,Naypyitaw,32
258-92-7466,35.68,5,187.32,2/6/2019,18:33,Credit card,Normal,Female,Yangon,1
857-16-3520,71.46,7,525.231,3/28/2019,16:06,Ewallet,Member,Female,Yangon,32
482-17-1179,11.94,3,37.611,1/19/2019,12:47,Credit card,Member,Male,Yangon,5
788-21-5741,45.38,3,142.947,2/17/2019,13:34,Credit card,Normal,Male,Yangon,33
821-14-9046,17.48,6,110.124,1/18/2019,15:04,Credit card,Member,Female,Mandalay,29
418-05-0656,25.56,7,187.866,2/2/2019,20:42,Cash,Normal,Female,Mandalay,34
678-79-0726,90.63,9,856.4535,1/18/2019,15:28,Cash,Member,Female,Naypyitaw,22
776-68-1096,44.12,3,138.978,3/18/2019,13:45,Credit card,Normal,Male,Mandalay,13
592-46-1692,36.77,7,270.2595,1/11/2019,20:10,Cash,Member,Female,Naypyitaw,28
434-35-9162,23.34,4,98.028,2/4/2019,18:53,Ewallet,Member,Male,Mandalay,25
149-14-0304,28.5,8,239.4,2/6/2019,14:24,Cash,Member,Female,Naypyitaw,1
442-44-6497,55.57,3,175.0455,1/8/2019,11:42,Credit card,Member,Male,Naypyitaw,13
174-64-0215,69.74,10,732.27,3/5/2019,17:49,Credit card,Normal,Male,Mandalay,16
210-74-9613,97.26,4,408.492,3/16/2019,15:33,Ewallet,Normal,Male,Naypyitaw,34
299-29-0180,52.18,7,383.523,3/9/2019,10:54,Cash,Member,Female,Mandalay,11
247-11-2470,22.32,4,93.744,3/1/2019,16:23,Credit card,Member,Female,Yangon,34
635-28-5728,56.0,3,176.4,2/28/2019,19:33,Ewallet,Normal,Male,Yangon,3
756-49-0168,19.7,1,20.685,2/8/2019,11:39,Ewallet,Member,Male,Yangon,33
438-23-1242,75.88,7,557.718,1/24/2019,10:38,Ewallet,Normal,Male,Mandalay,8
238-45-6950,53.72,1,56.406,3/1/2019,20:03,Ewallet,Member,Male,Mandalay,25
607-65-2441,81.95,10,860.475,3/10/2019,12:39,Credit card,Member,Male,Naypyitaw,4
386-27-7606,81.2,7,596.82,3/23/2019,15:59,Credit card,Member,Female,Naypyitaw,14
137-63-5492,58.76,10,616.98,1/29/2019,14:26,Ewallet,Normal,Male,Naypyitaw,7
197-77-7132,91.56,8,769.104,1/12/2019,18:22,Ewallet,Member,Male,Mandalay,8
805-86-0265,93.96,9,887.922,3/20/2019,11:32,Cash,Normal,Male,Yangon,10
733-29-1227,55.61,7,408.7335,3/23/2019,12:41,Cash,Normal,Male,Naypyitaw,13
451-73-2711,84.83,1,89.0715,1/14/2019,15:20,Ewallet,Normal,Male,Naypyitaw,25
373-14-0504,71.63,2,150.423,2/12/2019,14:33,Ewallet,Member,Female,Yangon,19
546-80-2899,37.69,2,79.149,2/20/2019,15:29,Ewallet,Member,Male,Yangon,14
345-68-9016,31.67,8,266.028,1/2/2019,16:19,Credit card,Member,Female,Naypyitaw,21
390-17-5806,38.42,1,40.341,2/2/2019,16:33,Cash,Member,Female,Naypyitaw,23
457-13-1708,65.23,10,684.915,1/8/2019,19:07,Credit card,Member,Male,Mandalay,32
664-14-2882,10.53,5,55.2825,1/30/2019,14:43,Credit card,Member,Female,Naypyitaw,13
487-79-6868,12.29,9,116.1405,3/26/2019,19:28,Credit card,Member,Female,Mandalay,13
314-23-4520,81.23,7,597.0405,1/15/2019,20:44,Cash,Member,Male,Naypyitaw,1
210-30-7976,22.32,4,93.744,3/14/2019,11:16,Ewallet,Member,Female,Mandalay,32
585-86-8361,27.28,5,143.22,2/3/2019,10:31,Credit card,Normal,Female,Yangon,23
807-14-7833,17.42,10,182.91,2/22/2019,12:30,Ewallet,Member,Female,Yangon,6
775-72-1988,73.28,5,384.72,1/24/2019,15:05,Ewallet,Normal,Male,Mandalay,11
288-38-3758,84.87,3,267.3405,1/25/2019,18:30,Ewallet,Member,Female,Naypyitaw,29
652-43-6591,97.29,8,817.236,3/9/2019,13:18,Credit card,Normal,Female,Yangon,34
785-96-0615,35.74,8,300.216,2/17/2019,15:28,Ewallet,Member,Female,Mandalay,5
406-46-7107,96.52,6,608.076,1/11/2019,11:52,Cash,Normal,Female,Yangon,11
250-17-5703,18.85,10,197.925,2/27/2019,18:24,Ewallet,Member,Male,Yangon,25
156-95-3964,55.39,4,232.638,3/25/2019,15:19,Ewallet,Normal,Female,Yangon,26
842-40-8179,77.2,10,810.6,2/11/2019,10:38,Credit card,Member,Female,Mandalay,25
525-09-8450,72.13,10,757.365,1/31/2019,15:12,Credit card,Normal,Male,Mandalay,5
410-67-1709,63.88,8,536.592,1/20/2019,17:48,Ewallet,Member,Female,Yangon,29
587-73-4862,10.69,5,56.1225,3/26/2019,11:07,Ewallet,Member,Female,Yangon,1
787-87-2010,55.5,4,233.1,1/20/2019,15:48,Credit card,Member,Male,Yangon,3
593-14-4239,95.46,8,801.864,3/5/2019,19:40,Ewallet,Normal,Female,Mandalay,12
801-88-0346,76.06,3,239.589,1/5/2019,20:30,Credit card,Normal,Female,Naypyitaw,33
388-76-2555,13.69,6,86.247,2/13/2019,13:59,Cash,Normal,Male,Mandalay,19
711-31-1234,95.64,4,401.688,3/16/2019,18:51,Cash,Normal,Female,Mandalay,8
886-54-6089,11.43,6,72.009,1/15/2019,17:24,Cash,Normal,Female,Yangon,10
707-32-7409,95.54,4,401.268,2/26/2019,11:58,Ewallet,Member,Female,Mandalay,16
759-98-4285,85.87,7,631.1445,2/27/2019,19:01,Credit card,Member,Female,Naypyitaw,1
201-63-8275,67.99,7,499.7265,2/17/2019,16:50,Ewallet,Member,Female,Naypyitaw,18
471-06-8611,52.42,1,55.041,2/6/2019,10:22,Credit card,Normal,Female,Naypyitaw,26
200-16-5952,65.65,2,137.865,1/17/2019,16:46,Cash,Member,Male,Naypyitaw,26
120-54-2248,28.86,5,151.515,1/22/2019,18:08,Credit card,Normal,Female,Mandalay,25
102-77-2261,65.31,7,480.0285,3/5/2019,18:02,Credit card,Member,Male,Naypyitaw,4
875-31-8302,93.38,1,98.049,1/3/2019,13:07,Cash,Normal,Male,Mandalay,17
102-06-2002,25.25,5,132.5625,3/20/2019,17:52,Cash,Member,Male,Naypyitaw,20
457-94-0464,87.87,9,830.3715,1/31/2019,20:32,Ewallet,Member,Male,Mandalay,6
629-42-4133,21.8,8,183.12,2/19/2019,19:24,Cash,Normal,Male,Naypyitaw,3
534-53-3526,94.76,4,397.992,2/11/2019,16:06,Ewallet,Normal,Female,Yangon,21
307-04-2070,30.62,1,32.151,2/5/2019,14:14,Credit card,Member,Female,Yangon,34
468-99-7231,44.01,8,369.684,3/3/2019,17:36,Cash,Normal,Female,Naypyitaw,12
516-77-6464,10.16,5,53.34,2/24/2019,13:08,Ewallet,Member,Female,Naypyitaw,3
404-91-5964,74.58,7,548.163,2/4/2019,16:09,Credit card,Normal,Male,Yangon,7
886-77-9084,71.89,8,603.876,2/19/2019,11:33,Ewallet,Normal,Male,Naypyitaw,5
790-38-4466,10.99,5,57.6975,1/23/2019,10:18,Credit card,Normal,Female,Naypyitaw,3
704-10-4056,60.47,3,190.4805,1/14/2019,10:55,Credit card,Member,Male,Naypyitaw,2
497-37-6538,58.91,7,432.9885,1/17/2019,15:15,Ewallet,Normal,Male,Yangon,18
651-96-5970,46.41,1,48.7305,3/3/2019,20:06,Credit card,Normal,Male,Yangon,32
400-80-4065,68.55,4,287.91,2/15/2019,20:21,Credit card,Member,Male,Naypyitaw,4
744-16-7898,97.37,10,1022.385,1/15/2019,13:48,Credit card,Normal,Female,Mandalay,11
263-12-5321,92.6,7,680.61,2/27/2019,12:52,Credit card,Member,Male,Yangon,8
702-72-0487,46.61,2,97.881,2/26/2019,12:28,Credit card,Normal,Female,Yangon,5
605-83-1050,27.18,2,57.078,3/15/2019,16:26,Ewallet,Normal,Male,Mandalay,31
443-60-9639,60.87,1,63.9135,1/24/2019,13:24,Cash,Member,Female,Naypyitaw,12
864-24-7918,24.49,10,257.145,2/22/2019,15:15,Cash,Member,Female,Yangon,22
359-94-5395,92.78,1,97.419,3/15/2019,10:50,Credit card,Normal,Male,Mandalay,3
401-09-4232,86.69,5,455.1225,2/11/2019,18:38,Ewallet,Member,Male,Naypyitaw,10
751-15-6198,23.01,6,144.963,1/12/2019,16:45,Ewallet,Normal,Male,Mandalay,18
324-41-6833,30.2,8,253.68,3/3/2019,19:30,Ewallet,Member,Female,Naypyitaw,7
474-33-8305,67.39,7,495.3165,3/23/2019,13:23,Ewallet,Member,Male,Naypyitaw,31
759-29-9521,48.96,9,462.672,3/4/2019,11:27,Cash,Member,Female,Yangon,31
831-81-6575,75.59,9,714.3255,2/23/2019,11:12,Cash,Member,Female,Mandalay,8
220-68-6701,77.47,4,325.374,3/17/2019,16:36,Cash,Normal,Female,Yangon,13
618-34-8551,93.18,2,195.678,1/16/2019,18:41,Credit card,Normal,Female,Yangon,17
257-60-7754,50.23,4,210.966,1/8/2019,17:12,Cash,Normal,Female,Yangon,7
559-61-5987,17.75,1,18.6375,1/14/2019,10:38,Cash,Normal,Female,Mandalay,1
189-55-2313,62.18,10,652.89,1/31/2019,10:33,Ewallet,Normal,Female,Naypyitaw,31
565-91-4567,10.75,8,90.3,3/15/2019,14:38,Ewallet,Normal,Male,Mandalay,4
380-60-5336,40.26,10,422.73,2/24/2019,18:06,Credit card,Normal,Female,Yangon,5
815-04-6282,64.97,5,341.0925,2/8/2019,12:52,Credit card,Member,Female,Naypyitaw,20
674-56-6360,95.15,1,99.9075,3/22/2019,14:00,Cash,Normal,Male,Yangon,7
778-34-2523,48.62,8,408.408,1/24/2019,10:57,Cash,Member,Female,Yangon,6
499-27-7781,53.21,8,446.964,3/14/2019,16:45,Ewallet,Normal,Female,Mandalay,24
477-59-2456,45.44,7,333.984,1/23/2019,11:15,Cash,Normal,Female,Naypyitaw,32
832-51-6761,33.88,8,284.592,1/19/2019,20:29,Ewallet,Normal,Male,Yangon,27
869-11-3082,96.16,4,403.872,1/27/2019,20:03,Credit card,Member,Male,Mandalay,4
190-59-3964,47.16,5,17242.0,2/3/2019,14:35,Credit card,Member,Male,Mandalay,23
366-43-6862,52.89,4,222.138,3/25/2019,16:32,Ewallet,Normal,Male,Mandalay,5
186-43-8965,47.68,2,100.128,2/24/2019,10:10,Credit card,Member,Female,Yangon,15
784-21-9238,10.17,1,10995.0,2/7/2019,14:15,Cash,Member,Male,Naypyitaw,18
276-75-6884,68.71,3,216.4365,3/4/2019,10:05,Cash,Normal,Female,Yangon,1
109-86-4363,60.08,7,441.588,2/14/2019,11:36,Credit card,Member,Female,Mandalay,21
569-76-2760,22.01,4,92.442,1/29/2019,18:15,Credit card,Member,Female,Yangon,22
222-42-0244,72.11,9,681.4395,1/28/2019,13:53,Credit card,Member,Female,Mandalay,2
760-53-9233,41.28,3,130.032,3/26/2019,18:37,Credit card,Member,Male,Yangon,34
538-22-0304,64.95,10,681.975,3/24/2019,18:27,Cash,Normal,Male,Naypyitaw,8
416-17-9926,74.22,10,779.31,1/1/2019,14:42,Credit card,Member,Female,Yangon,5
237-44-6163,10.56,8,88.704,1/24/2019,17:43,Cash,Normal,Male,Yangon,8
636-17-0325,62.57,4,262.794,2/25/2019,18:37,Cash,Normal,Male,Mandalay,2
343-75-9322,11.85,8,99.54,1/9/2019,16:34,Cash,Member,Female,Mandalay,21
528-14-9470,91.3,1,95.865,2/14/2019,14:42,Ewallet,Member,Male,Yangon,2
427-45-9297,40.73,7,299.3655,3/12/2019,11:01,Ewallet,Member,Female,Mandalay,9
807-34-3742,52.38,1,54.999,3/26/2019,19:44,Cash,Normal,Male,Yangon,33
288-62-1085,38.54,5,202.335,1/9/2019,13:34,Ewallet,Member,Male,Yangon,31
670-71-7306,44.63,6,281.169,1/2/2019,20:08,Credit card,Normal,Male,Mandalay,18
660-29-7083,55.87,10,586.635,1/15/2019,15:01,Cash,Normal,Male,Naypyitaw,6
271-77-8740,29.22,6,184.086,1/1/2019,11:40,Ewallet,Member,Female,Naypyitaw,21
497-36-0989,51.94,3,163.611,2/15/2019,15:21,Cash,Normal,Male,Yangon,34
291-59-1384,60.3,1,63.315,2/28/2019,17:38,Cash,Normal,Male,Mandalay,8
860-73-6466,39.47,2,82.887,3/2/2019,16:16,Credit card,Member,Female,Yangon,19
549-23-9016,14.87,2,31.227,2/13/2019,18:15,Credit card,Member,Female,Naypyitaw,23
896-34-0956,21.32,1,22.386,1/26/2019,12:43,Cash,Normal,Male,Yangon,31
804-38-3935,93.78,3,295.407,1/30/2019,11:32,Credit card,Member,Male,Yangon,7
585-90-0249,73.26,1,76.923,1/27/2019,18:08,Ewallet,Member,Male,Yangon,8
862-29-5914,22.38,1,23.499,1/30/2019,17:08,Credit card,Normal,Female,Naypyitaw,17
845-94-6841,72.88,9,688.716,1/8/2019,19:38,Cash,Member,Female,Naypyitaw,25
125-45-2293,99.1,6,624.33,1/19/2019,13:11,Cash,Normal,Female,Yangon,29
843-73-4724,74.1,1,77.805,1/25/2019,11:05,Cash,Normal,Male,Yangon,29
409-33-9708,98.48,2,206.808,2/19/2019,10:12,Ewallet,Normal,Female,Yangon,33
658-66-3967,53.19,7,390.9465,1/14/2019,15:42,Ewallet,Normal,Male,Naypyitaw,4
866-70-2814,52.79,10,554.295,2/25/2019,11:58,Ewallet,Normal,Female,Mandalay,7
160-22-2687,95.95,5,503.7375,1/23/2019,14:21,Ewallet,Member,Female,Yangon,2
895-03-6665,36.51,9,345.0195,2/16/2019,10:52,Cash,Normal,Female,Mandalay,34
770-42-8960,21.12,8,177.408,1/1/2019,19:31,Cash,Normal,Male,Mandalay,24
748-45-2862,28.31,4,118.902,3/7/2019,18:35,Cash,Member,Female,Yangon,9
234-36-2483,57.59,6,362.817,2/15/2019,13:51,Cash,Normal,Male,Mandalay,1
316-66-3011,47.63,9,450.1035,1/23/2019,12:35,Cash,Member,Female,Yangon,26
848-95-6252,86.27,1,90.5835,2/20/2019,13:24,Ewallet,Member,Female,Naypyitaw,11
840-76-5966,12.76,2,26.796,1/8/2019,18:06,Ewallet,Member,Male,Yangon,17
152-03-4217,11.28,9,106.596,3/17/2019,11:55,Credit card,Normal,Female,Mandalay,14
533-66-5566,51.07,7,375.3645,1/12/2019,11:42,Cash,Normal,Female,Mandalay,14
124-31-1458,79.59,3,250.7085,1/8/2019,14:30,Cash,Member,Female,Yangon,7
176-78-1170,33.81,3,106.5015,1/26/2019,15:11,Ewallet,Member,Male,Naypyitaw,1
361-59-0574,90.53,8,760.452,3/15/2019,14:48,Credit card,Member,Male,Mandalay,18
101-81-4070,62.82,2,131.922,1/17/2019,12:36,Ewallet,Member,Female,Naypyitaw,3
631-34-1880,24.31,3,76.5765,1/8/2019,19:09,Credit card,Member,Male,Naypyitaw,26
852-82-2749,64.59,4,271.278,1/6/2019,13:35,Ewallet,Normal,Male,Yangon,17
873-14-6353,24.82,7,182.427,2/16/2019,10:33,Credit card,Member,Male,Yangon,24
584-66-4073,56.5,1,59.325,3/13/2019,15:45,Ewallet,Normal,Male,Naypyitaw,29
544-55-9589,21.43,10,225.015,1/28/2019,11:51,Cash,Member,Female,Mandalay,8
166-19-2553,89.06,6,561.078,1/18/2019,17:26,Cash,Member,Male,Yangon,19
737-88-5876,23.29,4,97.818,3/19/2019,11:52,Credit card,Member,Male,Yangon,13
154-87-7367,65.26,8,548.184,3/15/2019,14:04,Ewallet,Normal,Male,Naypyitaw,9
885-56-0389,52.35,1,54.9675,2/12/2019,17:49,Cash,Member,Male,Naypyitaw,32
608-05-3804,39.75,1,41.7375,2/25/2019,20:19,Cash,Member,Male,Mandalay,5
448-61-3783,90.02,8,756.168,3/21/2019,16:08,Credit card,Normal,Female,Yangon,8
761-49-0439,12.1,8,101.64,1/19/2019,10:17,Ewallet,Member,Female,Mandalay,7
490-95-0021,33.21,10,348.705,1/8/2019,14:25,Ewallet,Member,Female,Mandalay,28
115-38-7388,10.18,8,85.512,3/30/2019,12:51,Credit card,Member,Female,Naypyitaw,32
311-13-6971,31.99,10,335.895,2/20/2019,15:18,Credit card,Member,Male,Mandalay,19
291-55-6563,34.42,6,216.846,3/30/2019,12:45,Ewallet,Member,Female,Yangon,11
548-48-3156,83.34,2,175.014,3/19/2019,13:37,Cash,Member,Female,Yangon,23
460-93-5834,45.58,7,335.013,1/13/2019,10:03,Cash,Normal,Male,Yangon,22
325-89-4209,87.9,1,92.295,2/5/2019,19:42,Ewallet,Member,Male,Yangon,24
884-80-6021,73.47,10,771.435,3/23/2019,13:14,Ewallet,Member,Female,Yangon,5
137-74-8729,12.19,8,102.396,3/13/2019,12:47,Ewallet,Normal,Female,Naypyitaw,30
880-46-5796,76.92,10,807.66,3/17/2019,19:53,Ewallet,Member,Male,Yangon,20
389-70-2397,83.66,5,439.215,2/21/2019,10:26,Cash,Normal,Female,Naypyitaw,2
114-35-5271,57.91,8,486.444,2/7/2019,15:06,Cash,Normal,Female,Mandalay,6
607-76-6216,92.49,5,485.5725,3/2/2019,16:35,Credit card,Member,Female,Naypyitaw,30
715-20-1673,28.38,5,148.995,3/6/2019,20:57,Cash,Normal,Male,Mandalay,8
811-35-1094,50.45,6,317.835,2/6/2019,15:16,Credit card,Member,Male,Mandalay,5
699-88-1972,99.16,8,832.944,1/28/2019,17:47,Credit card,Normal,Male,Mandalay,3
781-84-8059,60.74,7,446.439,1/18/2019,16:23,Ewallet,Normal,Male,Naypyitaw,29
409-49-6995,47.27,6,297.801,2/5/2019,10:17,Cash,Member,Female,Naypyitaw,28
725-54-0677,85.6,7,629.16,3/2/2019,13:50,Cash,Member,Male,Naypyitaw,3
146-09-5432,35.04,9,331.128,2/9/2019,19:17,Ewallet,Member,Male,Yangon,27
377-79-7592,44.84,9,423.738,1/14/2019,14:00,Credit card,Member,Female,Naypyitaw,5
509-10-0516,45.97,4,193.074,2/9/2019,12:02,Ewallet,Normal,Male,Mandalay,14
595-94-9924,27.73,5,145.5825,3/26/2019,20:21,Credit card,Member,Female,Yangon,2
865-41-9075,11.53,7,84.7455,1/28/2019,17:35,Cash,Normal,Male,Yangon,28
545-07-8534,58.32,2,122.472,2/14/2019,12:42,Ewallet,Normal,Female,Naypyitaw,4
118-62-1812,78.38,4,329.196,3/24/2019,17:56,Cash,Member,Female,Naypyitaw,10
450-42-3339,84.61,10,888.405,2/9/2019,18:58,Credit card,Normal,Male,Naypyitaw,2
851-98-3555,82.88,5,435.12,3/24/2019,14:08,Credit card,Normal,Female,Mandalay,1
186-71-5196,79.54,2,167.034,3/27/2019,16:30,Ewallet,Member,Female,Yangon,23
624-01-8356,49.01,10,514.605,1/27/2019,10:44,Credit card,Normal,Female,Mandalay,12
313-66-9943,29.15,3,91.8225,3/27/2019,20:29,Credit card,Member,Female,Mandalay,23
151-27-8496,56.13,4,235.746,1/19/2019,11:43,Ewallet,Normal,Female,Naypyitaw,5
453-33-6436,93.12,8,782.208,2/7/2019,10:09,Cash,Normal,Female,Yangon,12
522-57-8364,51.34,8,431.256,1/31/2019,10:00,Ewallet,Member,Male,Yangon,31
459-45-2396,99.6,3,313.74,2/25/2019,18:45,Cash,Member,Female,Yangon,23
717-96-4189,35.49,6,223.587,2/2/2019,12:40,Cash,Normal,Female,Naypyitaw,6
722-13-2115,42.85,1,44.9925,3/14/2019,15:36,Credit card,Member,Male,Naypyitaw,19
749-81-8133,94.67,4,397.614,3/11/2019,12:04,Cash,Normal,Female,Yangon,32
777-67-2495,68.97,3,217.2555,2/22/2019,11:26,Ewallet,Normal,Male,Mandalay,10
636-98-3364,26.26,3,82.719,3/2/2019,12:36,Ewallet,Member,Female,Mandalay,5
246-55-6923,35.79,9,338.2155,3/10/2019,15:06,Credit card,Member,Female,Naypyitaw,15
181-82-6255,16.37,6,103.131,2/8/2019,10:58,Cash,Normal,Female,Mandalay,11
838-02-1821,12.73,2,26.733,2/22/2019,12:10,Credit card,Member,Female,Naypyitaw,9
887-42-0517,83.14,7,611.079,1/10/2019,10:31,Credit card,Normal,Female,Naypyitaw,20
457-12-0244,35.22,6,221.886,3/14/2019,13:49,Ewallet,Member,Female,Naypyitaw,18
226-34-0034,13.78,4,57.876,1/10/2019,11:10,Ewallet,Normal,Female,Mandalay,5
321-49-7382,88.31,1,92.7255,2/15/2019,17:38,Credit card,Member,Male,Mandalay,22
397-25-8725,39.62,9,374.409,1/13/2019,17:54,Credit card,Member,Female,Yangon,3
431-66-2305,88.25,9,833.9625,2/15/2019,20:51,Credit card,Normal,Female,Mandalay,6
825-94-5922,25.31,2,53.151,3/2/2019,19:26,Ewallet,Normal,Male,Mandalay,16
641-62-7288,99.92,6,629.496,3/24/2019,13:33,Ewallet,Normal,Male,Mandalay,14
756-93-1854,83.35,2,175.035,2/2/2019,14:05,Credit card,Member,Female,Naypyitaw,34
243-55-8457,74.44,10,781.62,2/27/2019,11:40,Ewallet,Normal,Female,Yangon,28
458-10-8612,64.08,7,470.988,1/20/2019,12:27,Ewallet,Normal,Male,Naypyitaw,2
501-61-1753,63.15,6,397.845,1/3/2019,20:24,Ewallet,Normal,Female,Mandalay,12
235-06-8510,85.72,3,270.018,1/24/2019,20:59,Ewallet,Member,Male,Naypyitaw,9
433-08-7822,78.89,7,579.8415,1/5/2019,19:48,Ewallet,Normal,Female,Naypyitaw,3
361-85-2571,89.48,5,469.77,3/30/2019,10:18,Cash,Normal,Female,Yangon,22
131-70-8179,92.09,3,290.0835,2/17/2019,16:27,Cash,Member,Female,Yangon,4
500-02-2261,57.29,6,360.927,3/21/2019,17:04,Ewallet,Normal,Female,Naypyitaw,25
720-72-2436,66.52,4,279.384,3/2/2019,18:14,Ewallet,Normal,Male,Yangon,25
702-83-5291,99.82,9,943.299,3/27/2019,10:43,Cash,Member,Male,Naypyitaw,34
809-69-9497,45.68,10,479.64,1/19/2019,19:30,Ewallet,Normal,Female,Yangon,9
449-16-6770,50.79,5,266.6475,2/19/2019,14:53,Credit card,Normal,Male,Yangon,3
333-23-2632,10.08,7,74.088,3/28/2019,20:14,Cash,Member,Male,Yangon,1
489-82-1237,93.88,7,690.018,1/5/2019,11:51,Credit card,Normal,Female,Yangon,6
859-97-6048,84.25,2,176.925,3/26/2019,14:13,Credit card,Member,Male,Naypyitaw,7
676-10-2200,53.78,1,56.469,2/3/2019,20:13,Ewallet,Member,Male,Mandalay,30
373-88-1424,35.81,5,188.0025,2/6/2019,18:44,Ewallet,Member,Male,Naypyitaw,14
365-16-4334,26.43,8,222.012,2/24/2019,14:26,Ewallet,Normal,Female,Mandalay,23
503-21-4385,39.91,3,125.7165,2/21/2019,12:40,Ewallet,Member,Male,Mandalay,1
305-89-2768,21.9,3,68.985,1/9/2019,18:43,Ewallet,Member,Female,Mandalay,11
574-80-1489,62.85,4,263.97,2/25/2019,13:22,Ewallet,Member,Female,Mandalay,23
784-08-0310,21.04,4,88.368,1/13/2019,13:58,Cash,Member,Female,Naypyitaw,28
200-40-6154,65.91,6,415.233,2/9/2019,11:45,Cash,Member,Male,Mandalay,11
846-10-0341,42.57,7,312.8895,1/6/2019,11:51,Cash,Normal,Female,Yangon,31
577-34-7579,50.49,9,477.1305,1/10/2019,17:16,Cash,Member,Male,Naypyitaw,27
430-02-3888,46.02,6,289.926,2/7/2019,15:55,Cash,Normal,Male,Mandalay,7
867-47-1948,15.8,10,165.9,1/9/2019,12:07,Cash,Normal,Female,Naypyitaw,11
384-59-6655,98.66,9,932.337,2/19/2019,15:07,Cash,Member,Female,Yangon,25
256-58-3609,91.98,1,96.579,3/18/2019,15:29,Cash,Member,Male,Naypyitaw,29
324-92-3863,20.89,2,43.869,2/5/2019,18:45,Cash,Member,Male,Yangon,7
593-08-5916,15.5,1,16.275,3/19/2019,15:23,Credit card,Normal,Female,Yangon,30
364-34-2972,96.82,3,304.983,3/30/2019,20:37,Cash,Member,Male,Naypyitaw,6
794-42-3736,33.33,2,69.993,1/26/2019,14:41,Credit card,Normal,Male,Mandalay,26
172-42-8274,38.27,2,80.367,3/2/2019,18:18,Credit card,Normal,Female,Mandalay,8
558-60-5016,33.3,9,314.685,3/4/2019,15:27,Ewallet,Normal,Female,Yangon,10
195-06-0432,81.01,3,255.1815,1/13/2019,12:55,Credit card,Member,Male,Yangon,12
605-03-2706,15.8,3,49.77,3/25/2019,18:02,Cash,Normal,Female,Yangon,3
214-30-2776,34.49,5,181.0725,3/11/2019,19:44,Credit card,Member,Female,Mandalay,7
746-04-1077,84.63,10,888.615,1/1/2019,11:36,Credit card,Member,Female,Mandalay,27
448-34-8700,36.91,7,271.2885,2/10/2019,13:51,Ewallet,Member,Male,Mandalay,14
452-04-8808,87.08,7,640.038,1/26/2019,15:17,Cash,Normal,Male,Mandalay,7
531-56-4728,80.08,3,252.252,2/11/2019,15:29,Cash,Normal,Male,Yangon,15
744-82-9138,86.13,2,180.873,2/7/2019,17:59,Cash,Normal,Male,Naypyitaw,30
883-69-1285,49.92,2,104.832,3/6/2019,11:55,Credit card,Member,Male,Mandalay,29
221-25-5073,74.66,4,313.572,3/4/2019,10:39,Cash,Normal,Female,Yangon,27
518-71-6847,26.6,6,167.58,2/26/2019,15:10,Ewallet,Member,Male,Mandalay,25
156-20-0370,25.45,1,26.7225,3/10/2019,18:10,Credit card,Normal,Female,Mandalay,5
151-33-7434,67.77,1,71.1585,2/4/2019,20:43,Credit card,Normal,Female,Mandalay,24
728-47-9078,59.59,4,250.278,1/19/2019,12:46,Cash,Member,Male,Naypyitaw,25
809-46-1866,58.15,4,244.23,1/23/2019,17:44,Cash,Normal,Male,Yangon,4
139-32-4183,97.48,9,921.186,3/14/2019,14:19,Ewallet,Member,Female,Yangon,21
148-41-7930,99.96,7,734.706,1/23/2019,10:33,Cash,Normal,Male,Naypyitaw,3
189-40-5216,96.37,7,708.3195,1/9/2019,11:40,Cash,Normal,Male,Naypyitaw,8
374-38-5555,63.71,5,334.4775,2/7/2019,19:30,Ewallet,Normal,Female,Mandalay,32
764-44-8999,14.76,2,30.996,2/18/2019,14:42,Ewallet,Normal,Female,Mandalay,3
552-44-5977,62.0,8,520.8,1/3/2019,19:08,Credit card,Member,Male,Mandalay,3
267-62-7380,82.34,10,864.57,3/29/2019,19:12,Ewallet,Member,Male,Naypyitaw,8
430-53-4718,75.37,8,633.108,1/28/2019,15:46,Credit card,Member,Male,Mandalay,1
886-18-2897,56.56,5,296.94,3/22/2019,19:06,Credit card,Normal,Female,Yangon,23
602-16-6955,76.6,10,804.3,1/24/2019,18:10,Ewallet,Normal,Female,Mandalay,21
745-74-0715,58.03,2,121.863,3/10/2019,20:46,Ewallet,Normal,Male,Yangon,8
690-01-6631,17.49,10,183.645,2/22/2019,18:35,Ewallet,Normal,Male,Mandalay,29
652-49-6720,60.95,1,63.9975,2/18/2019,11:40,Ewallet,Member,Female,Naypyitaw,5
233-67-5758,40.35,1,42.3675,1/29/2019,13:46,Ewallet,Normal,Male,Naypyitaw,2
303-96-2227,97.38,10,1022.49,3/2/2019,17:16,Ewallet,Normal,Female,Mandalay,13
727-02-1313,31.84,1,33.432,2/9/2019,13:22,Cash,Member,Male,Yangon,23
347-56-2442,65.82,1,69.111,2/22/2019,15:33,Cash,Normal,Male,Yangon,10
849-09-3807,88.34,7,649.299,2/18/2019,13:28,Cash,Member,Female,Yangon,29
